title,category,source_link,date_time,location,publisher,description,place_name,zone,zone_group,subcategory,latitude,longitude,address,city,review_text,rating,sentiment_score,severity,confidence,claim_type,source_link_type,incident_id,place_id,place_url,review_id,classifier,text_sha256,retrieved_at,zone_incident_count,zone_scam_count,zone_fraud_count,zone_crime_count,zone_harassment_count,zone_accident_count,zone_natural_disaster_count,zone_unsafe_area_count,zone_infrastructure_hazard_count,zone_top_category,zone_places_scanned,zone_reviews_scanned,zone_negative_reviews,record_type
Rude staff and targeted restrictions,Harassment,https://www.google.com/maps/reviews/data=!4m8!14m7!1m6!2m5!1sCi9DQUlRQUNvZENodHljRjlvT21wcVgxWjZXRjg0WDJ0TVdIbERjSFZST0RSeWFWRRAB!2m1!1s0x0:0xb1f8b77e331512cf!3m1!1s2@1:CAIQACodChtycF9oOmpqX1Z6WF84X2tMWHlDcHVRODRyaVE%7C%7C?hl=en,2026-06-14T11:57:27Z,"Bengaluru, Karnataka, India (13.003507, 77.589095)",Google Maps (user review),Reviewer stated they experienced rude behavior and targeted restrictions on taking photos.,Bengaluru Palace,Bangalore Palace,Scam and Tourist Trap,HARASSMENT,13.0035068,77.5890953,"Bengaluru, Karnataka, India",Bengaluru,"It was a very bad experience for us overall.First of all the entry price for the place is 300 which is too much and many of the room we are not allowed to go in. The worst was them keep telling to not take photos specifically targeting girls, they were not saying anything to family or bachelors and they were talking to us very rudely. I would recommend to just see from outside and not go in and waste 300 rupees because  the architecture is very nice and you can get good photos. Moreover, if you don't want people to click photos inside the palace then don't open a palace for people to visit because there was not much too see other than the architecture as nothing was preserved properly, more than half the things were replicas and other people (specifically young people) are more interested in clicking pictures and that is the primary reason they visit such places so prohibiting photography is literally stupid and they are also asking for penalty extremely rudely even after taking 300 rupees from us. There are no guides available, only audio books which is also not enough, as there was a half hour waiting time.",1,-0.8,2,0.85,USER_REPORTED,REVIEW,INC-9d2b3a40811303bc,ChIJN1ZKKUkWrjsRzxIVM363-LE,https://www.google.com/maps/search/?api=1&query=Bengaluru%20Palace&query_place_id=ChIJN1ZKKUkWrjsRzxIVM363-LE,Ci9DQUlRQUNvZENodHljRjlvT21wcVgxWjZXRjg0WDJ0TVdIbERjSFZST0RSeWFWRRAB,ANAKIN_AI,93f62b5a0c2d025b9ce19bc74e14898756b1655148cdcc7f1840f9c73244f5fa,2026-09-26T09:57:19.410Z,1,0,0,0,1,0,0,0,0,Harassment,2,35,35,incident
High amount of theft reported,Crime,https://www.google.com/maps/reviews/data=!4m8!14m7!1m6!2m5!1sCi9DQUlRQUNvZENodHljRjlvT2psV05XTldka0U1VEdkc1drWmpkbTlSTTJ0MFpsRRAB!2m1!1s0x0:0x44e00b2b305445d0!3m1!1s2@1:CAIQACodChtycF9oOjlWNWNWdkE5TGdsWkZjdm9RM2t0ZlE%7C%7C?hl=en,2025-09-01T09:10:24Z,"XHCG+9G8, Huriopet, Chickpet, Bengaluru, Karnataka 560053, India (12.970923, 77.576314)",Google Maps (user review),Reviewer reported that there is a high amount of theft at the place.,Chickpet Market,Chickpet Market,Scam and Tourist Trap,THEFT,12.9709232,77.5763139,"XHCG+9G8, Huriopet, Chickpet, Bengaluru, Karnataka 560053, India",Bengaluru,Crowded and way to much theft,2,-0.8,3,0.9,USER_REPORTED,REVIEW,INC-bedcf1e8f7ee6ae2,ChIJU7WvbgAXrjsR0EVUMCsL4EQ,https://www.google.com/maps/search/?api=1&query=Chickpet%20Market&query_place_id=ChIJU7WvbgAXrjsR0EVUMCsL4EQ,Ci9DQUlRQUNvZENodHljRjlvT2psV05XTldka0U1VEdkc1drWmpkbTlSTTJ0MFpsRRAB,ANAKIN_AI,28cbc1f444a4681e55798a364b750fb20512fc093ca86cd5add0a72bc93f797c,2026-09-26T09:57:19.410Z,5,0,2,1,0,0,0,2,0,Fraud,2,70,52,incident
Shopkeepers overcharging and acting like thieves,Fraud,https://www.google.com/maps/reviews/data=!4m8!14m7!1m6!2m5!1sChZDSUhNMG9nS0VJQ0FnSURadHZlTlBnEAE!2m1!1s0x0:0x1beac04839de70c8!3m1!1s2@1:CIHM0ogKEICAgIDZtveNPg%7C%7C?hl=en,2023-09-30T16:45:22Z,"Chickpet Rd, Huriopet, Chickpet, Bengaluru, Karnataka 560053, India (12.970329, 77.578146)",Google Maps (user review),Reviewer stated that shopkeepers act like thieves and overcharge outsiders for everything.,Chickpet street shopping,Chickpet Market,Scam and Tourist Trap,OVERCHARGING,12.9703291,77.5781461,"Chickpet Rd, Huriopet, Chickpet, Bengaluru, Karnataka 560053, India",Bengaluru,"Very bad place for outsiders.. The shopkeepers are very rude and act like thief, they try to make you fool by charging so much money for everything.. Such a bad experience..",1,-0.9,3,0.9,USER_ALLEGATION,REVIEW,INC-8339ad017e786918,ChIJK2UH72wXrjsRyHDeOUjA6hs,https://www.google.com/maps/search/?api=1&query=Chickpet%20street%20shopping&query_place_id=ChIJK2UH72wXrjsRyHDeOUjA6hs,ChZDSUhNMG9nS0VJQ0FnSURadHZlTlBnEAE,ANAKIN_AI,62521c9b81a3fba47d64991f0817bf9cf75ccdd79331800fb81ba7e43470bc46,2026-09-26T09:57:19.410Z,5,0,2,1,0,0,0,2,0,Fraud,2,70,52,incident
Traffic chaos and auto overcharging,Fraud,https://www.google.com/maps/reviews/data=!4m8!14m7!1m6!2m5!1sChdDSUhNMG9nS0VJQ0FnSUQ2aGE2SzdRRRAB!2m1!1s0x0:0x1beac04839de70c8!3m1!1s2@1:CIHM0ogKEICAgID6ha6K7QE%7C%7C?hl=en,2021-10-05T10:48:34Z,"Chickpet Rd, Huriopet, Chickpet, Bengaluru, Karnataka 560053, India (12.970329, 77.578146)",Google Maps (user review),Reviewer reported that auto drivers charge double the meters and there are too much brokers.,Chickpet street shopping,Chickpet Market,Scam and Tourist Trap,OVERCHARGING,12.9703291,77.5781461,"Chickpet Rd, Huriopet, Chickpet, Bengaluru, Karnataka 560053, India",Bengaluru,"Too much traffic, no parking space, cleaness must be there,  roads r conjusted,  it's better one way must & should there, traffic control must be there, autos r charging as per their wins & fancy, double the meters, parking the vehicles in front of the shop must be avoided, separate parking space must be there, too much brokers, middle men must be avoided..public rest rooms, drinking water facilities must...",1,-0.8,2,0.85,USER_REPORTED,REVIEW,INC-5abc75ae9f4800f9,ChIJK2UH72wXrjsRyHDeOUjA6hs,https://www.google.com/maps/search/?api=1&query=Chickpet%20street%20shopping&query_place_id=ChIJK2UH72wXrjsRyHDeOUjA6hs,ChdDSUhNMG9nS0VJQ0FnSUQ2aGE2SzdRRRAB,ANAKIN_AI,35f9afb26be1ffb5a91dfe5bda2d4211a74bffaed77c28be63187515d79807dd,2026-09-26T09:57:19.410Z,5,0,2,1,0,0,0,2,0,Fraud,2,70,52,incident
Unsafe for families and children,Unsafe area,https://www.google.com/maps/reviews/data=!4m8!14m7!1m6!2m5!1sCi9DQUlRQUNvZENodHljRjlvT2t4dlExSnpSWGxsWVdwbGNuTlNSMUZzWHpWa2RXYxAB!2m1!1s0x0:0x44e00b2b305445d0!3m1!1s2@1:CAIQACodChtycF9oOkxvQ1JzRXllYWplcnNSR1FsXzVkdWc%7C%7C?hl=en,2025-10-21T12:15:39Z,"XHCG+9G8, Huriopet, Chickpet, Bengaluru, Karnataka 560053, India (12.970923, 77.576314)",Google Maps (user review),Reviewer perceived the location as unsafe for families and children due to crowding.,Chickpet Market,Chickpet Market,Scam and Tourist Trap,OTHER,12.9709232,77.5763139,"XHCG+9G8, Huriopet, Chickpet, Bengaluru, Karnataka 560053, India",Bengaluru,Horrible... Too crowded and not safe for kids and family,1,-0.9,2,0.85,PERCEPTION,REVIEW,INC-dacd0d4f14ae7f1c,ChIJU7WvbgAXrjsR0EVUMCsL4EQ,https://www.google.com/maps/search/?api=1&query=Chickpet%20Market&query_place_id=ChIJU7WvbgAXrjsR0EVUMCsL4EQ,Ci9DQUlRQUNvZENodHljRjlvT2t4dlExSnpSWGxsWVdwbGNuTlNSMUZzWHpWa2RXYxAB,ANAKIN_AI,a8f7d6cd59679d30f7445a53bf1f2d3671a3aebbee527e607e0085f2e90d2fe4,2026-09-26T09:57:19.410Z,5,0,2,1,0,0,0,2,0,Fraud,2,70,52,incident
Dangerous place on weekend nights,Unsafe area,https://www.google.com/maps/reviews/data=!4m8!14m7!1m6!2m5!1sCi9DQUlRQUNvZENodHljRjlvT21OYVYwZEJZM2xKY2pscmNUTlRWbFprZW1vNWMzYxAB!2m1!1s0x0:0x1beac04839de70c8!3m1!1s2@1:CAIQACodChtycF9oOmNaV0dBY3lJcjlrcTNTVlZkemo5c3c%7C%7C?hl=en,2025-07-20T17:59:00Z,"Chickpet Rd, Huriopet, Chickpet, Bengaluru, Karnataka 560053, India (12.970329, 77.578146)",Google Maps (user review),Reviewer warned that the weekend night time is very dangerous.,Chickpet street shopping,Chickpet Market,Scam and Tourist Trap,UNSAFE_AT_NIGHT,12.9703291,77.5781461,"Chickpet Rd, Huriopet, Chickpet, Bengaluru, Karnataka 560053, India",Bengaluru,"Weekend most dangerous place in chick pet market
Time -8pm to 11 pm",1,-0.9,3,0.9,WARNING,REVIEW,INC-1a0cec1df77b5e32,ChIJK2UH72wXrjsRyHDeOUjA6hs,https://www.google.com/maps/search/?api=1&query=Chickpet%20street%20shopping&query_place_id=ChIJK2UH72wXrjsRyHDeOUjA6hs,Ci9DQUlRQUNvZENodHljRjlvT21OYVYwZEJZM2xKY2pscmNUTlRWbFprZW1vNWMzYxAB,ANAKIN_AI,eefe4de2ec658ba19c28ada533c0382b9b8f13fa93156160213a6bff77d155f6,2026-09-26T09:57:19.410Z,5,0,2,1,0,0,0,2,0,Fraud,2,70,52,incident
Vehicle towed or stolen while parking,Crime,https://www.google.com/maps/reviews/data=!4m8!14m7!1m6!2m5!1sChdDSUhNMG9nS0VJQ0FnSUNhczdDVXJRRRAB!2m1!1s0x0:0xb95d15d2169a107d!3m1!1s2@1:CIHM0ogKEICAgICas7CUrQE%7C%7C?hl=en,2022-01-30T10:38:48Z,"Tasker Town, Shivaji Nagar, Bengaluru, Karnataka, India (12.982236, 77.608373)",Google Maps (user review),Reviewer reported that their vehicle went missing after being parked improperly near a yellow line.,Commercial Street,Commercial Street,Scam and Tourist Trap,THEFT,12.982236,77.608373,"Tasker Town, Shivaji Nagar, Bengaluru, Karnataka, India",,"So yesterday we had this weird experience.. if you are new to Bangalore & if you are visiting commercial street for the 1st time, be careful while parking your vehicle. There might be a yellow line on the footpath. It means from there you shouldn't park your vehicle. If you don't take care, by the time you come back from your shopping, your vehicle will be missing. You don't even know where your vehicle is. You won't even have a contact number written to contact for.

We asked local shop people, they answered it in a very cool way asking us to go to CSE hospital. This very same people won't even warn you while you are parking without knowing this ritual. Or sometimes they may say it's ok to park there. But beware.. So when we tried to catch an auto and said CSE hospital, he immediately asked ""is your vehicle missing?"" So it's a common thing for them. He confidently said that he would take to some other place where we can find our vehicle. There you might be fined Rs.1650/-. Autowala will teach you how to talk to them. Better rush before 8:30pm to take your vehicle.

So our autowala suggested us to park our vehicle from next time at any mall nearby.

Be careful guys..

& about shopping, we can shop at low prices. Good place for shopping ..",1,-0.9,3,0.95,USER_REPORTED,REVIEW,INC-7a877e558366bd85,ChIJbcFO0okWrjsRfRCaFtIVXbk,https://www.google.com/maps/search/?api=1&query=Commercial%20Street&query_place_id=ChIJbcFO0okWrjsRfRCaFtIVXbk,ChdDSUhNMG9nS0VJQ0FnSUNhczdDVXJRRRAB,ANAKIN_AI,7b55b57e09905b76e61ae176e66aa0024a22910f6eb0081c1a6892b073ba00d6,2026-09-26T09:57:19.410Z,2,0,0,1,0,0,0,0,1,Crime,1,35,35,incident
Road Mess and Safety Hazards,Infrastructure hazard,https://www.google.com/maps/reviews/data=!4m8!14m7!1m6!2m5!1sChdDSUhNMG9nS0VJQ0FnSUQ4eDZIMHV3RRAB!2m1!1s0x0:0xb95d15d2169a107d!3m1!1s2@1:CIHM0ogKEICAgID8x6H0uwE%7C%7C?hl=en,2020-08-01T09:04:20Z,"Tasker Town, Shivaji Nagar, Bengaluru, Karnataka, India (12.982236, 77.608373)",Google Maps (user review),Reviewer stated that the road has huge holes dug up with no thought to visitor safety.,Commercial Street,Commercial Street,Scam and Tourist Trap,BROKEN_ROAD,12.982236,77.608373,"Tasker Town, Shivaji Nagar, Bengaluru, Karnataka, India",,The road is a mess with huge holes dug up. Absolutely no thought to visitors safety.,1,-0.9,2,0.95,USER_REPORTED,REVIEW,INC-9dc06d56bbaf3933,ChIJbcFO0okWrjsRfRCaFtIVXbk,https://www.google.com/maps/search/?api=1&query=Commercial%20Street&query_place_id=ChIJbcFO0okWrjsRfRCaFtIVXbk,ChdDSUhNMG9nS0VJQ0FnSUQ4eDZIMHV3RRAB,ANAKIN_AI,1893d0460994258fd48ce950f24c0d5b01a4ba48fa95151a43f36dce85dc821c,2026-09-26T09:57:19.410Z,2,0,0,1,0,0,0,0,1,Crime,1,35,35,incident
Warning: Unsafe and Threatening Public Toilet Area,Harassment,https://www.google.com/maps/reviews/data=!4m8!14m7!1m6!2m5!1sCi9DQUlRQUNvZENodHljRjlvT2xsclExb3pNR2RyWlZOS1VXSjBjall3YUc1SE5tYxAB!2m1!1s0x0:0x4bf0f1ea306a9a31!3m1!1s2@1:CAIQACodChtycF9oOllrQ1ozMGdrZVNKUWJ0cjYwaG5HNmc%7C%7C?hl=en,2026-07-05T16:23:44Z,"Kalasipalya, Bengaluru, Karnataka 560002, India (12.959437, 77.577481)",Google Maps (user review),Reviewer warns that the public toilet at the bus stand is unsafe and frequented by threatening individuals who harass visitors.,Kalasipalyam,Kalasipalya Bus Stand,Street-Crime and High-Risk,HARASSMENT,12.9594367,77.5774808,"Kalasipalya, Bengaluru, Karnataka 560002, India",Bengaluru,"I want to really mention this here that the public toilet which is inside bus stand is dangerous and anyone coming this side and using it please be careful as there are two guys who are sitting outside and asking 10 rupees they are professional goons and cannot ask anything as my wife just asked that there is no mug to wash inside the washroom and this guy replied you do not know to use the washroom it seems

I do suggest anyone specifically female travellers please avoid this place as it’s not safe and there can be multiple threat

And as next to the same washroom there government office too but no use

Please be careful while travelling this side it’s not at all safe at night",1,-0.8,3,0.95,WARNING,REVIEW,INC-4e33bf1b272549f3,ChIJYboya-QVrjsRMZpqMOrx8Es,https://www.google.com/maps/search/?api=1&query=Kalasipalyam&query_place_id=ChIJYboya-QVrjsRMZpqMOrx8Es,Ci9DQUlRQUNvZENodHljRjlvT2xsclExb3pNR2RyWlZOS1VXSjBjall3YUc1SE5tYxAB,ANAKIN_AI,2dc3f9f0e14f540e53db325e381150c01448e675c85456b1eece02f105469f77,2026-09-26T09:57:19.410Z,3,0,0,0,1,0,0,2,0,Unsafe area,2,70,26,incident
Perceived Safety Concern at Restroom,Unsafe area,https://www.google.com/maps/reviews/data=!4m8!14m7!1m6!2m5!1sCi9DQUlRQUNvZENodHljRjlvT2xScU5scFVjVWxxWVhGamNrZDVkM0F3Y3pGNU0xRRAB!2m1!1s0x0:0x929ed247e61b5008!3m1!1s2@1:CAIQACodChtycF9oOlRqNlpUcUlqYXFjckd5d3AwczF5M1E%7C%7C?hl=en,2026-07-31T14:22:03Z,"27-22, 19 B street, Lalbagh Fort Rd, Kalasipalyam New Extension, Kalasipalya, Bengaluru, Karnataka 560002, India (12.959288, 77.576608)",Google Maps (user review),Reviewer felt the restroom area is unsafe for women due to the rude behavior of the attendant.,"Kanakapura Road Bus stand, Kalasipalya",Kalasipalya Bus Stand,Street-Crime and High-Risk,UNSAFE_AT_NIGHT,12.9592879,77.5766083,"27-22, 19 B street, Lalbagh Fort Rd, Kalasipalyam New Extension, Kalasipalya, Bengaluru, Karnataka 560002, India",Bengaluru,"The guy who handles the cash at restrooms was very rude. He said the restroom was private property and that females need to pay 10 rupees while men pay 5 rupees. When asked why, he says “should I explain why?” In a rude tone. Not very safe for women to even use restrooms in this case. Needs change.",2,-0.6,1,0.85,PERCEPTION,REVIEW,INC-b1cd49831e241b0d,ChIJsSKzxYUVrjsRCFAb5kfSnpI,https://www.google.com/maps/search/?api=1&query=Kanakapura%20Road%20Bus%20stand%2C%20Kalasipalya&query_place_id=ChIJsSKzxYUVrjsRCFAb5kfSnpI,Ci9DQUlRQUNvZENodHljRjlvT2xScU5scFVjVWxxWVhGamNrZDVkM0F3Y3pGNU0xRRAB,ANAKIN_AI,39e868248ebeb3295f1d4ee44e8bdb5b32273c0056ac09575072e602560c49df,2026-09-26T09:57:19.410Z,3,0,0,0,1,0,0,2,0,Unsafe area,2,70,26,incident
Poor Hygiene and Safety Concerns at Bus Stand,Unsafe area,https://www.google.com/maps/reviews/data=!4m8!14m7!1m6!2m5!1sCi9DQUlRQUNvZENodHljRjlvT21SeWFsbExVRTFDT0VacU5YUnJRVmhwZFU1eE5GRRAB!2m1!1s0x0:0x4bf0f1ea306a9a31!3m1!1s2@1:CAIQACodChtycF9oOmRyallLUE1COEZqNXRrQVhpdU5xNFE%7C%7C?hl=en,2026-04-19T09:34:16Z,"Kalasipalya, Bengaluru, Karnataka 560002, India (12.959437, 77.577481)",Google Maps (user review),"Reviewer states that the bus stand is unhygienic, overcrowded, and feels unsafe, especially at night.",Kalasipalyam,Kalasipalya Bus Stand,Street-Crime and High-Risk,ISOLATED_AREA,12.9594367,77.5774808,"Kalasipalya, Bengaluru, Karnataka 560002, India",Bengaluru,"I had a very bad experience at Kalasipalayam Bus Stand while traveling from Bangalore to Kerala. The place is extremely unhygienic and poorly maintained. There is garbage all around, and the smell is very unpleasant. Basic facilities like clean toilets and proper waiting areas are either missing or in terrible condition.

The area is overcrowded, disorganized, and feels unsafe, especially during night time. It was very uncomfortable to wait there before my bus. For a major bus point handling so many passengers, the cleanliness and management are really disappointing.

Authorities should take immediate action to improve hygiene and provide basic facilities for travelers.",1,-0.7,2,0.9,PERCEPTION,REVIEW,INC-17911f93f4def828,ChIJYboya-QVrjsRMZpqMOrx8Es,https://www.google.com/maps/search/?api=1&query=Kalasipalyam&query_place_id=ChIJYboya-QVrjsRMZpqMOrx8Es,Ci9DQUlRQUNvZENodHljRjlvT21SeWFsbExVRTFDT0VacU5YUnJRVmhwZFU1eE5GRRAB,ANAKIN_AI,33920dd9342e00342fbefb03283f5c876c030e2c360698f2e6faffdaead37f36,2026-09-26T09:57:19.410Z,3,0,0,0,1,0,0,2,0,Unsafe area,2,70,26,incident
Mobile phone stolen at terminal,Crime,https://www.google.com/maps/reviews/data=!4m8!14m7!1m6!2m5!1sCi9DQUlRQUNvZENodHljRjlvT2tkalptWXlkRkZTWjBZdE9IaHhNVEF6ZUZveVFrRRAB!2m1!1s0x0:0x96ae12317240aa1f!3m1!1s2@1:CAIQACodChtycF9oOkdjZmYydFFSZ0YtOHhxMTAzeFoyQkE%7C%7C?hl=en,2025-09-30T17:43:51Z,"XHGC+MG6 Kempegowda Bus Terminal-1, Kempegowda, Majestic, Bengaluru, Karnataka 560009, India (12.976873, 77.571346)",Google Maps (user review),Reviewer reported that their iPhone was stolen at the location and noted high mobile theft statistics.,majestic BUS Stand terminal 1,Kempegowda Bus Station Majestic,Scam and Tourist Trap,THEFT,12.9768733,77.5713462,"XHGC+MG6 Kempegowda Bus Terminal-1, Kempegowda, Majestic, Bengaluru, Karnataka 560009, India",Bengaluru,"Thiefs are here.. ii lost my iphone... In a recent survey i saw... morethan 17,000 mobiles were stolen in last month... Take care of your valuable things",1,-0.9,4,0.98,USER_REPORTED,REVIEW,INC-d06c700d54939832,ChIJUyXUmwYXrjsRH6pAcjESrpY,https://www.google.com/maps/search/?api=1&query=majestic%20BUS%20Stand%20terminal%201&query_place_id=ChIJUyXUmwYXrjsRH6pAcjESrpY,Ci9DQUlRQUNvZENodHljRjlvT2tkalptWXlkRkZTWjBZdE9IaHhNVEF6ZUZveVFrRRAB,ANAKIN_AI,684f0c3ad8e7b4879a8975894cf8e8b2b2ca8ce0ad881fa816be390791feda8a,2026-09-26T09:57:19.410Z,6,1,3,2,0,0,0,0,0,Fraud,2,70,70,incident
Helmets stolen at the premises,Crime,https://www.google.com/maps/reviews/data=!4m8!14m7!1m6!2m5!1sCi9DQUlRQUNvZENodHljRjlvT21welRteHVhaTA0TFVaR1pUTmFhVEpKY1V4ZlRsRRAB!2m1!1s0x0:0x96ae12317240aa1f!3m1!1s2@1:CAIQACodChtycF9oOmpzTmxuai04LUZGZTNaaTJJcUxfTlE%7C%7C?hl=en,2025-08-17T22:28:44Z,"XHGC+MG6 Kempegowda Bus Terminal-1, Kempegowda, Majestic, Bengaluru, Karnataka 560009, India (12.976873, 77.571346)",Google Maps (user review),Reviewer reported that their branded helmets were stolen within seconds at the location.,majestic BUS Stand terminal 1,Kempegowda Bus Station Majestic,Scam and Tourist Trap,THEFT,12.9768733,77.5713462,"XHGC+MG6 Kempegowda Bus Terminal-1, Kempegowda, Majestic, Bengaluru, Karnataka 560009, India",Bengaluru,One of the worst place in Bangalore within seconds some robbery people taken my branded helmets and went,1,-0.9,4,0.95,USER_REPORTED,REVIEW,INC-f658ac4900d06bfa,ChIJUyXUmwYXrjsRH6pAcjESrpY,https://www.google.com/maps/search/?api=1&query=majestic%20BUS%20Stand%20terminal%201&query_place_id=ChIJUyXUmwYXrjsRH6pAcjESrpY,Ci9DQUlRQUNvZENodHljRjlvT21welRteHVhaTA0TFVaR1pUTmFhVEpKY1V4ZlRsRRAB,ANAKIN_AI,aa64d037d1b51950cb1d13783ef11d61a733a1e891abbe06016eac6221489b91,2026-09-26T09:57:19.410Z,6,1,3,2,0,0,0,0,0,Fraud,2,70,70,incident
Shops overcharging for drinks,Fraud,https://www.google.com/maps/reviews/data=!4m8!14m7!1m6!2m5!1sCi9DQUlRQUNvZENodHljRjlvT25WSWVERlJNM2xmTFRSMFNEWnZWbGgwTWtSeFgzYxAB!2m1!1s0x0:0x96ae12317240aa1f!3m1!1s2@1:CAIQACodChtycF9oOnVIeDFRM3lfLTR0SDZvVlh0MkRxX3c%7C%7C?hl=en,2025-12-30T12:26:30Z,"XHGC+MG6 Kempegowda Bus Terminal-1, Kempegowda, Majestic, Bengaluru, Karnataka 560009, India (12.976873, 77.571346)",Google Maps (user review),Reviewer stated that many shops in the bus stand are looting customers by overpricing drinks.,majestic BUS Stand terminal 1,Kempegowda Bus Station Majestic,Scam and Tourist Trap,OVERCHARGING,12.9768733,77.5713462,"XHGC+MG6 Kempegowda Bus Terminal-1, Kempegowda, Majestic, Bengaluru, Karnataka 560009, India",Bengaluru,Majestic bus stand many shops are looting coolant drinks rate outside 20 rupees but in majestic bus stand all are looting request corporation has to take serious action,1,-0.7,2,0.9,USER_REPORTED,REVIEW,INC-1a50feda7e0b0830,ChIJUyXUmwYXrjsRH6pAcjESrpY,https://www.google.com/maps/search/?api=1&query=majestic%20BUS%20Stand%20terminal%201&query_place_id=ChIJUyXUmwYXrjsRH6pAcjESrpY,Ci9DQUlRQUNvZENodHljRjlvT25WSWVERlJNM2xmTFRSMFNEWnZWbGgwTWtSeFgzYxAB,ANAKIN_AI,a84212bb6b39b457c326aa174c7f9aa818751505d9672cce69c7fca2c5f8c2e1,2026-09-26T09:57:19.410Z,6,1,3,2,0,0,0,0,0,Fraud,2,70,70,incident
Shops overcharging customers above MRP,Fraud,https://www.google.com/maps/reviews/data=!4m8!14m7!1m6!2m5!1sChdDSUhNMG9nS0VJQ0FnSURfNzg2UW5BRRAB!2m1!1s0x0:0x96ae12317240aa1f!3m1!1s2@1:CIHM0ogKEICAgID_786QnAE%7C%7C?hl=en,2025-01-28T09:34:26Z,"XHGC+MG6 Kempegowda Bus Terminal-1, Kempegowda, Majestic, Bengaluru, Karnataka 560009, India (12.976873, 77.571346)",Google Maps (user review),Reviewer reported that shops at the terminal are overcharging passengers above MRP prices.,majestic BUS Stand terminal 1,Kempegowda Bus Station Majestic,Scam and Tourist Trap,OVERCHARGING,12.9768733,77.5713462,"XHGC+MG6 Kempegowda Bus Terminal-1, Kempegowda, Majestic, Bengaluru, Karnataka 560009, India",Bengaluru,"I was thoroughly disappointed with Bangalore Majestic Bus Terminal 1. There is no cleanliness, and the lack of proper traffic control makes it chaotic. Moreover, there is no proper sanitization in place. The shops are overcharging passengers by 20-45% more than MRP prices. Very poor management and customer experience!",1,-0.9,2,0.95,USER_REPORTED,REVIEW,INC-d2e6ebf554e633ab,ChIJUyXUmwYXrjsRH6pAcjESrpY,https://www.google.com/maps/search/?api=1&query=majestic%20BUS%20Stand%20terminal%201&query_place_id=ChIJUyXUmwYXrjsRH6pAcjESrpY,ChdDSUhNMG9nS0VJQ0FnSURfNzg2UW5BRRAB,ANAKIN_AI,2f0224f27a2eee784c2f87985e98337b67f0732ba62e27bc7c5b2807df959184,2026-09-26T09:57:19.410Z,6,1,3,2,0,0,0,0,0,Fraud,2,70,70,incident
Overcharging and duplicate items reported at shops,Fraud,https://www.google.com/maps/reviews/data=!4m8!14m7!1m6!2m5!1sChdDSUhNMG9nS0VJQ0FnSUNPNDdYbnZRRRAB!2m1!1s0x0:0xf32f6c771b395323!3m1!1s2@1:CIHM0ogKEICAgICO47XnvQE%7C%7C?hl=en,2022-06-18T16:53:34Z,"Kempegowda, Majestic, Bengaluru, Karnataka 560023, India (12.977585, 77.572502)",Google Maps (user review),"Reviewer reported shops charging above MRP, selling duplicate items, and charging unauthorized fees for toilet use.",Kempegowda Bus Station,Kempegowda Bus Station Majestic,Scam and Tourist Trap,OVERCHARGING,12.977585,77.572502,"Kempegowda, Majestic, Bengaluru, Karnataka 560023, India",Bengaluru,"In shops MRP + 10 & Duplicate Item,
In Toilet Bord Only Urin Free , They Can Charge 5 rs ,",1,-0.9,2,0.95,USER_REPORTED,REVIEW,INC-eb2a5ef23f2ba9d6,ChIJB22hvRoWrjsRI1M5G3dsL_M,https://www.google.com/maps/search/?api=1&query=Kempegowda%20Bus%20Station&query_place_id=ChIJB22hvRoWrjsRI1M5G3dsL_M,ChdDSUhNMG9nS0VJQ0FnSUNPNDdYbnZRRRAB,ANAKIN_AI,ff0951c172aac664373f21a6d1cf47eab509346180f519777a4575730f3ad8a8,2026-09-26T09:57:19.410Z,6,1,3,2,0,0,0,0,0,Fraud,2,70,70,incident
Shop scammed customer with double charges,Scam,https://www.google.com/maps/reviews/data=!4m8!14m7!1m6!2m5!1sCi9DQUlRQUNvZENodHljRjlvT25oWVdXUlhSblJ2T0VSSVNrMUpVRUZOTm1wdFVIYxAB!2m1!1s0x0:0x96ae12317240aa1f!3m1!1s2@1:CAIQACodChtycF9oOnhYWWRXRnRvOERISk1JUEFNNmptUHc%7C%7C?hl=en,2025-08-31T13:09:35Z,"XHGC+MG6 Kempegowda Bus Terminal-1, Kempegowda, Majestic, Bengaluru, Karnataka 560009, India (12.976873, 77.571346)",Google Maps (user review),Reviewer reported being scammed and charged double during billing despite promotional offers.,majestic BUS Stand terminal 1,Kempegowda Bus Station Majestic,Scam and Tourist Trap,SCAM,12.9768733,77.5713462,"XHGC+MG6 Kempegowda Bus Terminal-1, Kempegowda, Majestic, Bengaluru, Karnataka 560009, India",Bengaluru,Scam shop. Charged double for buy one get one. Be careful at billing. We asked about it still denied. Nothing is below mrp,1,-0.8,3,0.95,USER_REPORTED,REVIEW,INC-bd3af6ca4539c065,ChIJUyXUmwYXrjsRH6pAcjESrpY,https://www.google.com/maps/search/?api=1&query=majestic%20BUS%20Stand%20terminal%201&query_place_id=ChIJUyXUmwYXrjsRH6pAcjESrpY,Ci9DQUlRQUNvZENodHljRjlvT25oWVdXUlhSblJ2T0VSSVNrMUpVRUZOTm1wdFVIYxAB,ANAKIN_AI,e1b0df412f400d280124295206625a6526a87ce4cce851d758a021012de6802d,2026-09-26T09:57:19.410Z,6,1,3,2,0,0,0,0,0,Fraud,2,70,70,incident
Excessive and unauthorized overcharging at station,Fraud,https://www.google.com/maps/reviews/data=!4m8!14m7!1m6!2m5!1sChdDSUhNMG9nS0VJQ0FnTUNZaGRLYjB3RRAB!2m1!1s0x0:0xd9ce8443dbf706ee!3m1!1s2@1:CIHM0ogKEICAgMCYhdKb0wE%7C%7C?hl=en,2025-05-05T16:51:46Z,"M.G. Railway Colony, Majestic, Bengaluru, Karnataka 560023, India (12.978129, 77.569530)",Google Maps (user review),"Reviewer reported excessive and arbitrary charges for rainwater services, washrooms, and parking at the station.",Krantivira Sangoli Rayanna,KSR Bengaluru City Railway Station,Scam and Tourist Trap,OVERCHARGING,12.9781291,77.5695295,"M.G. Railway Colony, Majestic, Bengaluru, Karnataka 560023, India",Bengaluru,"One of the greatest Scammed railway station there was rainwater asking ₹20. There was a woman washroom. They asked for urine  ₹10 There was a parking outside of station. He was asking for one hour ₹60 that I argued him that he said to pay ₹30 so I paid, #karanataka govt should take action",1,-0.9,3,0.96,USER_REPORTED,REVIEW,INC-fa8e4e48f71def73,ChIJK6u4WxsWrjsR7gb320OEztk,https://www.google.com/maps/search/?api=1&query=Krantivira%20Sangoli%20Rayanna&query_place_id=ChIJK6u4WxsWrjsR7gb320OEztk,ChdDSUhNMG9nS0VJQ0FnTUNZaGRLYjB3RRAB,ANAKIN_AI,405be85fde8f462ec95f75094e1c897a073e1308662d959ee99f988ecfc3edec,2026-09-26T09:57:19.410Z,7,1,3,0,2,0,0,1,0,Fraud,1,35,35,incident
Parking fee collectors overcharging customers,Fraud,https://www.google.com/maps/reviews/data=!4m8!14m7!1m6!2m5!1sChZDSUhNMG9nS0VJQ0FnSUM5amNfbk9nEAE!2m1!1s0x0:0xd9ce8443dbf706ee!3m1!1s2@1:CIHM0ogKEICAgIC9jc_nOg%7C%7C?hl=en,2024-03-08T07:24:10Z,"M.G. Railway Colony, Majestic, Bengaluru, Karnataka 560023, India (12.978129, 77.569530)",Google Maps (user review),Reviewer reported that parking fee collectors overcharged customers by intentionally hiding the official rate board.,Krantivira Sangoli Rayanna,KSR Bengaluru City Railway Station,Scam and Tourist Trap,OVERCHARGING,12.9781291,77.5695295,"M.G. Railway Colony, Majestic, Bengaluru, Karnataka 560023, India",Bengaluru,"Be careful with cheat parking fee collectors.....

If you don't insist for parking payment receipt they just take more money, so make sure you ask them and pay the correct amount.

There is a fee structure board while entering and these cheating people purpose fully hide by parking some vehicles there. In my case they parked an Auto rickshaw to hide it.

I have shared the photo of fee structure board and cheaters who involved in this activity.

If you ask them, they will simply say that board is very old and need to change, so make you ask them payment receipt and complaint if they are cheating.

Not too sure who is monitoring all these things...",1,-0.9,3,0.98,USER_REPORTED,REVIEW,INC-f42024258ef25f72,ChIJK6u4WxsWrjsR7gb320OEztk,https://www.google.com/maps/search/?api=1&query=Krantivira%20Sangoli%20Rayanna&query_place_id=ChIJK6u4WxsWrjsR7gb320OEztk,ChZDSUhNMG9nS0VJQ0FnSUM5amNfbk9nEAE,ANAKIN_AI,749925f1cff4e91665b9c52bd8e364a7f77d681863e24a6cacbdb56bc5f76754,2026-09-26T09:57:19.410Z,7,1,3,0,2,0,0,1,0,Fraud,1,35,35,incident
Unauthorized fees charged at public restroom,Fraud,https://www.google.com/maps/reviews/data=!4m8!14m7!1m6!2m5!1sChZDSUhNMG9nS0VJQ0FnSUNseWFLY2FnEAE!2m1!1s0x0:0xd9ce8443dbf706ee!3m1!1s2@1:CIHM0ogKEICAgIClyaKcag%7C%7C?hl=en,2023-11-21T11:31:13Z,"M.G. Railway Colony, Majestic, Bengaluru, Karnataka 560023, India (12.978129, 77.569530)",Google Maps (user review),Reviewer stated that an attendant demanded unauthorized fees for using the ladies' restroom.,Krantivira Sangoli Rayanna,KSR Bengaluru City Railway Station,Scam and Tourist Trap,OVERCHARGING,12.9781291,77.5695295,"M.G. Railway Colony, Majestic, Bengaluru, Karnataka 560023, India",Bengaluru,"At platform 4 public toilets it's mentioned free for urine but the person (Rohit) who looks into it, demands Rs 5 for ladies which is not mentioned in the board. And he's not listening to his higher authority Mr Chandan and Balakrishna also. Kindly change the rate chart by mentioning, urine is chargeable for ladies because they change pads so it'll be clear for everyone. And the person should have basic knowledge that pregnant women won't use pads.",1,-0.8,2,0.95,USER_REPORTED,REVIEW,INC-0dcd8ef245df88d4,ChIJK6u4WxsWrjsR7gb320OEztk,https://www.google.com/maps/search/?api=1&query=Krantivira%20Sangoli%20Rayanna&query_place_id=ChIJK6u4WxsWrjsR7gb320OEztk,ChZDSUhNMG9nS0VJQ0FnSUNseWFLY2FnEAE,ANAKIN_AI,0b559eeb2ef5006a0de6ae3ccc9dc6fe401c4f00742581f7ba0bd528a1832383,2026-09-26T09:57:19.410Z,7,1,3,0,2,0,0,1,0,Fraud,1,35,35,incident
Threatened by alcoholic at station,Harassment,https://www.google.com/maps/reviews/data=!4m8!14m7!1m6!2m5!1sCi9DQUlRQUNvZENodHljRjlvT2tWS1YwczJiMFZyU2tSaVYwRlFlRFpvV21oUlRGRRAB!2m1!1s0x0:0xd9ce8443dbf706ee!3m1!1s2@1:CAIQACodChtycF9oOkVKV0s2b0VrSkRiV0FQeDZoWmhRTFE%7C%7C?hl=en,2026-07-14T16:38:16Z,"M.G. Railway Colony, Majestic, Bengaluru, Karnataka 560023, India (12.978129, 77.569530)",Google Maps (user review),Reviewer experienced a threat from an alcoholic individual at the station.,Krantivira Sangoli Rayanna,KSR Bengaluru City Railway Station,Scam and Tourist Trap,HARASSMENT,12.9781291,77.5695295,"M.G. Railway Colony, Majestic, Bengaluru, Karnataka 560023, India",Bengaluru,Recently I had an encounter with an alcoholic who started threatening me and my wife. Had to handle the matter myself as no rpf officer was seen in place. When I called the response was also lax making it even worse. Never had such a bad experience at KSR. But this incident made me more vigilant.,1,-0.9,3,0.95,USER_REPORTED,REVIEW,INC-10e6d59e0f5dba86,ChIJK6u4WxsWrjsR7gb320OEztk,https://www.google.com/maps/search/?api=1&query=Krantivira%20Sangoli%20Rayanna&query_place_id=ChIJK6u4WxsWrjsR7gb320OEztk,Ci9DQUlRQUNvZENodHljRjlvT2tWS1YwczJiMFZyU2tSaVYwRlFlRFpvV21oUlRGRRAB,ANAKIN_AI,ada33e70c0c81da2c1f61e24b78d83380b61e71a0839a03f0e72ff12ef4047f7,2026-09-26T09:57:19.410Z,7,1,3,0,2,0,0,1,0,Fraud,1,35,35,incident
Police misbehavior at late night,Harassment,https://www.google.com/maps/reviews/data=!4m8!14m7!1m6!2m5!1sChZDSUhNMG9nS0VJQ0FnSUNnd3NfN2F3EAE!2m1!1s0x0:0xd9ce8443dbf706ee!3m1!1s2@1:CIHM0ogKEICAgICgws_7aw%7C%7C?hl=en,2018-06-28T18:56:11Z,"M.G. Railway Colony, Majestic, Bengaluru, Karnataka 560023, India (12.978129, 77.569530)",Google Maps (user review),Reviewer stated that police officers were misbehaving with passengers and restricting seating at late night.,Krantivira Sangoli Rayanna,KSR Bengaluru City Railway Station,Scam and Tourist Trap,HARASSMENT,12.9781291,77.5695295,"M.G. Railway Colony, Majestic, Bengaluru, Karnataka 560023, India",Bengaluru,"Nobody has noticed that RPF are not allowing passenger to seat or wait near to unreserved ticket counter after 12am...
There are no such place for waiting...
Those people who has come to receive their relative at late night, they can't stay, they can't seat at waiting area... All RPF, Police persons are misbehaving with passenger...
There are no as such rule in other railway station in India... This is a very worst situation have seen.... Bad protocol KSR Bengaluru SBC.... GOVT should take action on that....",1,-0.8,2,0.9,USER_REPORTED,REVIEW,INC-2ecfacb2aa43bcde,ChIJK6u4WxsWrjsR7gb320OEztk,https://www.google.com/maps/search/?api=1&query=Krantivira%20Sangoli%20Rayanna&query_place_id=ChIJK6u4WxsWrjsR7gb320OEztk,ChZDSUhNMG9nS0VJQ0FnSUNnd3NfN2F3EAE,ANAKIN_AI,dddc1c6e18a1513223d52c2796b467616a80d5006304f0704d788b1478f79a3f,2026-09-26T09:57:19.410Z,7,1,3,0,2,0,0,1,0,Fraud,1,35,35,incident
Unauthorized vehicle clamping and fine collection,Scam,https://www.google.com/maps/reviews/data=!4m8!14m7!1m6!2m5!1sCi9DQUlRQUNvZENodHljRjlvT2w5elJtUnNTa1UyWVcxbFdrVXdiR3Q2UWswMGIwRRAB!2m1!1s0x0:0xd9ce8443dbf706ee!3m1!1s2@1:CAIQACodChtycF9oOl9zRmRsSkU2YW1lWkUwbGt6Qk00b0E%7C%7C?hl=en,2025-09-03T01:08:08Z,"M.G. Railway Colony, Majestic, Bengaluru, Karnataka 560023, India (12.978129, 77.569530)",Google Maps (user review),Reviewer stated that unauthorized individuals are clamping vehicles and collecting arbitrary fines without proper instructions.,Krantivira Sangoli Rayanna,KSR Bengaluru City Railway Station,Scam and Tourist Trap,SCAM,12.9781291,77.5695295,"M.G. Railway Colony, Majestic, Bengaluru, Karnataka 560023, India",Bengaluru,Railway station appart but many beggers are roaming to collect fines no proper instructions or no No parking sign around station if we park our vehicles near ticket counter or other place that beggers will clamp your bike nd collect fines without reason not at all courtesy if you have money or not you should pay 1000 or 500 how can they earn like this nd how there family nd childrens are good 🤔,1,-0.85,2,0.92,USER_REPORTED,REVIEW,INC-db5c1902fcbc5438,ChIJK6u4WxsWrjsR7gb320OEztk,https://www.google.com/maps/search/?api=1&query=Krantivira%20Sangoli%20Rayanna&query_place_id=ChIJK6u4WxsWrjsR7gb320OEztk,Ci9DQUlRQUNvZENodHljRjlvT2w5elJtUnNTa1UyWVcxbFdrVXdiR3Q2UWswMGIwRRAB,ANAKIN_AI,4d81a24bd84546e7786aad564f861f1b842ce612d196a474c230a9c074335d47,2026-09-26T09:57:19.410Z,7,1,3,0,2,0,0,1,0,Fraud,1,35,35,incident
Lack of safety and poor maintenance,Unsafe area,https://www.google.com/maps/reviews/data=!4m8!14m7!1m6!2m5!1sChdDSUhNMG9nS0VJQ0FnSUN1eU1PRm1RRRAB!2m1!1s0x0:0xd9ce8443dbf706ee!3m1!1s2@1:CIHM0ogKEICAgICuyMOFmQE%7C%7C?hl=en,2022-07-19T22:09:05Z,"M.G. Railway Colony, Majestic, Bengaluru, Karnataka 560023, India (12.978129, 77.569530)",Google Maps (user review),Reviewer noted that there is no public safety and platforms are dirty with roaming street dogs.,Krantivira Sangoli Rayanna,KSR Bengaluru City Railway Station,Scam and Tourist Trap,POOR_SECURITY,12.9781291,77.5695295,"M.G. Railway Colony, Majestic, Bengaluru, Karnataka 560023, India",Bengaluru,The very worst place. No proper access to the rest rooms. No assistance. A very dirty place. Not maintained at all. I see street dogs are roaming on the platforms and creating nonsense to the public. This is really a shame for the indian railways. There is no safety for the public. What is the Indian railway doing?. Are they working or just getting the salary and going home. At the entrance of the railways station rats are welcoming the public instead of staff. On the other end a government bus stop is there. The bus conductor or the driver is forcing the public to enter the bus. There is no proper routing position.,1,-0.9,2,0.9,PERCEPTION,REVIEW,INC-5d472b22bad98923,ChIJK6u4WxsWrjsR7gb320OEztk,https://www.google.com/maps/search/?api=1&query=Krantivira%20Sangoli%20Rayanna&query_place_id=ChIJK6u4WxsWrjsR7gb320OEztk,ChdDSUhNMG9nS0VJQ0FnSUN1eU1PRm1RRRAB,ANAKIN_AI,cea8bb01db6ecc5d34b4245e734bbaf5da86e1336dbd448d2d348a5704b4146d,2026-09-26T09:57:19.410Z,7,1,3,0,2,0,0,1,0,Fraud,1,35,35,incident
Chaotic crowd and stampede risk,Accident,https://www.google.com/maps/reviews/data=!4m8!14m7!1m6!2m5!1sChZDSUhNMG9nS0VJQ0FnSUNlbk9ybWZnEAE!2m1!1s0x0:0x8e110b99df2fbe22!3m1!1s2@1:CIHM0ogKEICAgICenOrmfg%7C%7C?hl=en,2022-09-08T12:55:23Z,"Mavalli, Bengaluru, Karnataka 560004, India (12.949416, 77.584681)",Google Maps (user review),"Reviewer reported chaotic crowd conditions where people were falling on elderly individuals, kids, and ladies.",Lalbagh Botanical Garden,Lalbagh Botanical Garden,Scam and Tourist Trap,STAMPEDE,12.9494158,77.5846805,"Mavalli, Bengaluru, Karnataka 560004, India",Bengaluru,"We went to see the flower show on the 12th of August 2022, an utter nightmare....we were happy that we made it alive. Absolutely chaotic, no management.  People where literally falling on the elderlies, kids and ladies. no separate line. It was really disappointing. We go stuck in the crowd, that we couldn’t exist. Very poorly managed. Will never ever go to this show again.",1,-0.9,3,0.95,NONE,REVIEW,INC-ae7a7602ad2578b4,ChIJHdPykcEVrjsRIr4v35kLEY4,https://www.google.com/maps/search/?api=1&query=Lalbagh%20Botanical%20Garden&query_place_id=ChIJHdPykcEVrjsRIr4v35kLEY4,ChZDSUhNMG9nS0VJQ0FnSUNlbk9ybWZnEAE,ANAKIN_AI,0de4dc129ff6581011a6198e3753ad1770c25b1dc917d109f508010bc0d44dbf,2026-09-26T09:57:19.410Z,11,1,4,0,2,1,1,1,1,Fraud,2,70,66,incident
Overcharging by vendors inside garden,Fraud,https://www.google.com/maps/reviews/data=!4m8!14m7!1m6!2m5!1sCi9DQUlRQUNvZENodHljRjlvT2pkblRXOU5PVWc1ZVhZd2JFOWZURnB1VVhwd0xWRRAB!2m1!1s0x0:0x8e110b99df2fbe22!3m1!1s2@1:CAIQACodChtycF9oOjdnTW9NOUg5eXYwbE9fTFpuUXpwLVE%7C%7C?hl=en,2026-04-24T05:52:51Z,"Mavalli, Bengaluru, Karnataka 560004, India (12.949416, 77.584681)",Google Maps (user review),Reviewer alleges that vendors inside the garden are charging double the MRP for basic items.,Lalbagh Botanical Garden,Lalbagh Botanical Garden,Scam and Tourist Trap,OVERCHARGING,12.9494158,77.5846805,"Mavalli, Bengaluru, Karnataka 560004, India",Bengaluru,Very disappointing experience at Lalbagh Garden. Some vendors inside are charging almost double the MRP for basic items. Feels like visitors are being looted. Authorities should monitor prices and take action.,1,-0.7,2,0.95,USER_ALLEGATION,REVIEW,INC-58dd1a21bb701e25,ChIJHdPykcEVrjsRIr4v35kLEY4,https://www.google.com/maps/search/?api=1&query=Lalbagh%20Botanical%20Garden&query_place_id=ChIJHdPykcEVrjsRIr4v35kLEY4,Ci9DQUlRQUNvZENodHljRjlvT2pkblRXOU5PVWc1ZVhZd2JFOWZURnB1VVhwd0xWRRAB,ANAKIN_AI,e3ed389ae0f2de7e097d8dd34fd1ea34b2c587029c7ab64ace00667aeb554bfa,2026-09-26T09:57:19.410Z,11,1,4,0,2,1,1,1,1,Fraud,2,70,66,incident
Stray dogs and overcharging vendors,Fraud,https://www.google.com/maps/reviews/data=!4m8!14m7!1m6!2m5!1sCi9DQUlRQUNvZENodHljRjlvT2tOQlREQmZWSFJTYkY5TFRqYzFWMUEyT1hkRGJFRRAB!2m1!1s0x0:0x8e110b99df2fbe22!3m1!1s2@1:CAIQACodChtycF9oOkNBTDBfVHRSbF9LTjc1V1A2OXdDbEE%7C%7C?hl=en,2026-01-29T09:13:38Z,"Mavalli, Bengaluru, Karnataka 560004, India (12.949416, 77.584681)",Google Maps (user review),Reviewer reported stray dogs and street vendors charging prices higher than MRP on the premises.,Lalbagh Botanical Garden,Lalbagh Botanical Garden,Scam and Tourist Trap,OVERCHARGING,12.9494158,77.5846805,"Mavalli, Bengaluru, Karnataka 560004, India",Bengaluru,"Full of stra dogs,no value for money , looting done by street vendors at the primises they charged huge price than Mrp , ugly toilet too",1,-0.8,1,0.9,NONE,REVIEW,INC-22274d76cb152bf5,ChIJHdPykcEVrjsRIr4v35kLEY4,https://www.google.com/maps/search/?api=1&query=Lalbagh%20Botanical%20Garden&query_place_id=ChIJHdPykcEVrjsRIr4v35kLEY4,Ci9DQUlRQUNvZENodHljRjlvT2tOQlREQmZWSFJTYkY5TFRqYzFWMUEyT1hkRGJFRRAB,ANAKIN_AI,676ae5cc8225d5a325168f35acb7a9c66a32d4882a88da3312ce23750dcfcd8f,2026-09-26T09:57:19.410Z,11,1,4,0,2,1,1,1,1,Fraud,2,70,66,incident
Vendors overcharging above MRP,Fraud,https://www.google.com/maps/reviews/data=!4m8!14m7!1m6!2m5!1sCi9DQUlRQUNvZENodHljRjlvT2tsNGFGSkRlVkpoY0hCVVFuSTJRVmxaWnpaeFVGRRAB!2m1!1s0x0:0x8e110b99df2fbe22!3m1!1s2@1:CAIQACodChtycF9oOkl4aFJDeVJhcHBUQnI2QVlZZzZxUFE%7C%7C?hl=en,2026-01-24T14:43:35Z,"Mavalli, Bengaluru, Karnataka 560004, India (12.949416, 77.584681)",Google Maps (user review),Reviewer reported that vendors outside charged double the MRP for ice cream.,Lalbagh Botanical Garden,Lalbagh Botanical Garden,Scam and Tourist Trap,OVERCHARGING,12.9494158,77.5846805,"Mavalli, Bengaluru, Karnataka 560004, India",Bengaluru,"Lal bagh was good, environment was fab, but the vendors out there selling stuff, are charging twice the original price, like today I visited there and bought an nandini black currant cone ice cream the price on that was ₹30 and they charged me ₹60 twice the price, I've been there with my 2 friends and we each got an icecream and they charged ₹180, i specifically opted for nandini ice cream because it's government but in that also they scammed us, we shouldn't know the original price they were taking off rapper themselves, like they are serving there customers but in reality they were scamming us, and later on i didn't have change I gave him ₹500, he gave me the change and just jokingly he took away my change and kept in his pocket, that was the worst experience ever, I hope the authority of lal bagh can take a serious charge on these condition.... So, i humbly request every visitors if you're visiting lal bagh, please confirm with the original price Thank You....",1,-0.8,1,0.95,NONE,REVIEW,INC-b35cc44634d087c0,ChIJHdPykcEVrjsRIr4v35kLEY4,https://www.google.com/maps/search/?api=1&query=Lalbagh%20Botanical%20Garden&query_place_id=ChIJHdPykcEVrjsRIr4v35kLEY4,Ci9DQUlRQUNvZENodHljRjlvT2tsNGFGSkRlVkpoY0hCVVFuSTJRVmxaWnpaeFVGRRAB,ANAKIN_AI,c11180a45dbd64c45ce06763846ad61931a333ac888df1d9e88ab849fdd60b53,2026-09-26T09:57:19.410Z,11,1,4,0,2,1,1,1,1,Fraud,2,70,66,incident
Overcharging at garden entrance,Fraud,https://www.google.com/maps/reviews/data=!4m8!14m7!1m6!2m5!1sCi9DQUlRQUNvZENodHljRjlvT2tJd2JsQlBjM05vWmpablNYY3hhMGx5UlhkWE1WRRAB!2m1!1s0x0:0x8e110b99df2fbe22!3m1!1s2@1:CAIQACodChtycF9oOkIwblBPc3NoZjZnSXcxa0lyRXdXMVE%7C%7C?hl=en,2025-12-23T06:54:09Z,"Mavalli, Bengaluru, Karnataka 560004, India (12.949416, 77.584681)",Google Maps (user review),Reviewer alleged that staff at the garden entrance are overcharging travelers.,Lalbagh Botanical Garden,Lalbagh Botanical Garden,Scam and Tourist Trap,OVERCHARGING,12.9494158,77.5846805,"Mavalli, Bengaluru, Karnataka 560004, India",Bengaluru,No use of going there. Main Entrance fee is less and staffs are good @ gate. But at the the garden entrance they are looting not respect tot he travelers. The incharge should be taught to  help the travelers in right way. 🥵🥵🥵,1,-0.9,2,0.9,USER_ALLEGATION,REVIEW,INC-82b93a047a77eb10,ChIJHdPykcEVrjsRIr4v35kLEY4,https://www.google.com/maps/search/?api=1&query=Lalbagh%20Botanical%20Garden&query_place_id=ChIJHdPykcEVrjsRIr4v35kLEY4,Ci9DQUlRQUNvZENodHljRjlvT2tJd2JsQlBjM05vWmpablNYY3hhMGx5UlhkWE1WRRAB,ANAKIN_AI,9edf73be7092108f1c880289d03d6e6b8e589fbc359c0a455d400de8ab31d286,2026-09-26T09:57:19.410Z,11,1,4,0,2,1,1,1,1,Fraud,2,70,66,incident
Poor Security Staff Behavior,Harassment,https://www.google.com/maps/reviews/data=!4m8!14m7!1m6!2m5!1sChZDSUhNMG9nS0VJQ0FnTUNJX2NXN0dnEAE!2m1!1s0x0:0xbed626eb0dec662f!3m1!1s2@1:CIHM0ogKEICAgMCI_cW7Gg%7C%7C?hl=en,2025-04-04T07:01:38Z,"Lal Bagh Rd, Mavalli, Bengaluru, Karnataka 560004, India (12.949791, 77.586642)",Google Maps (user review),Reviewer reports bad behavior by security staff regarding park entry rules and food.,Glass House (Lalbagh),Lalbagh Botanical Garden,Scam and Tourist Trap,HARASSMENT,12.9497909,77.5866423,"Lal Bagh Rd, Mavalli, Bengaluru, Karnataka 560004, India",Bengaluru,"The security behaved very badly. Even though we paid park entry fees, they didn’t allow us to take food inside",1,-0.7,1,0.9,USER_REPORTED,REVIEW,INC-2dbc1bca8f8f11c3,ChIJ0cHJam8VrjsRL2bsDesm1r4,https://www.google.com/maps/search/?api=1&query=Glass%20House%20(Lalbagh)&query_place_id=ChIJ0cHJam8VrjsRL2bsDesm1r4,ChZDSUhNMG9nS0VJQ0FnTUNJX2NXN0dnEAE,ANAKIN_AI,d29188ae191b96bee3e22679a5072515a5748dac875e138190c48ab887bf7447,2026-09-26T09:57:19.410Z,11,1,4,0,2,1,1,1,1,Fraud,2,70,66,incident
Driver forcefully demanded a tip,Harassment,https://www.google.com/maps/reviews/data=!4m8!14m7!1m6!2m5!1sChdDSUhNMG9nS0VJQ0FnSURCNGE2eWxnRRAB!2m1!1s0x0:0x8e110b99df2fbe22!3m1!1s2@1:CIHM0ogKEICAgIDB4a6ylgE%7C%7C?hl=en,2023-01-21T16:32:58Z,"Mavalli, Bengaluru, Karnataka 560004, India (12.949416, 77.584681)",Google Maps (user review),Reviewer reported that a golf car driver forcefully demanded a tip at the end of the trip.,Lalbagh Botanical Garden,Lalbagh Botanical Garden,Scam and Tourist Trap,HARASSMENT,12.9494158,77.5846805,"Mavalli, Bengaluru, Karnataka 560004, India",Bengaluru,"We visited at the wrong time off season, that is. No flowers, it was a very dull day out. Probably during the season, it might be more beautiful. The toilet was too far to reach on foot for my 86 year old father in law. We took the golf car, aka battery-car tour they charged Rs.100 per person, which was OK, I guess. But at the end of the trip, the driver cum vocal guide forcefully demanded for a tip. Seeing me lose my temper, he gave up. I would fire that guy.",1,-0.7,2,0.9,NONE,REVIEW,INC-db9855e40bfd369f,ChIJHdPykcEVrjsRIr4v35kLEY4,https://www.google.com/maps/search/?api=1&query=Lalbagh%20Botanical%20Garden&query_place_id=ChIJHdPykcEVrjsRIr4v35kLEY4,ChdDSUhNMG9nS0VJQ0FnSURCNGE2eWxnRRAB,ANAKIN_AI,9a5f1cb8a196bb414e79c85cd2067c2f755e8e6a6573343fc6698558518603b5,2026-09-26T09:57:19.410Z,11,1,4,0,2,1,1,1,1,Fraud,2,70,66,incident
Beehives and wasp nests hazard,Infrastructure hazard,https://www.google.com/maps/reviews/data=!4m8!14m7!1m6!2m5!1sCi9DQUlRQUNvZENodHljRjlvT2paalJHMWxUazVzVWt0SFJWTlphbXd3V0hkc04wRRAB!2m1!1s0x0:0x8e110b99df2fbe22!3m1!1s2@1:CAIQACodChtycF9oOjZjRG1lTk5sUktHRVNZamwwWHdsN0E%7C%7C?hl=en,2026-06-22T08:19:17Z,"Mavalli, Bengaluru, Karnataka 560004, India (12.949416, 77.584681)",Google Maps (user review),Reviewer stated that trees have overgrown beehives and wasp nests near the lake area.,Lalbagh Botanical Garden,Lalbagh Botanical Garden,Scam and Tourist Trap,OTHER,12.9494158,77.5846805,"Mavalli, Bengaluru, Karnataka 560004, India",Bengaluru,"The beginning section was ok.  But towards the back, some of th trees are really overgrown and have lots of beehives and wasp nests.  V dangerous and gross.  Around the lake area.  This whole area needs to be cleaned up and the trees trimmed, and beehives removed.

The restrooms or lack of, needs to be improved upon.  Have to pay 5 rupees to use restroom.  V small and dirty.",1,-0.7,2,0.9,NONE,REVIEW,INC-eec0c614f385591f,ChIJHdPykcEVrjsRIr4v35kLEY4,https://www.google.com/maps/search/?api=1&query=Lalbagh%20Botanical%20Garden&query_place_id=ChIJHdPykcEVrjsRIr4v35kLEY4,Ci9DQUlRQUNvZENodHljRjlvT2paalJHMWxUazVzVWt0SFJWTlphbXd3V0hkc04wRRAB,ANAKIN_AI,deebbbadf7f6b78556494d854685534183387cf6998048926f7aa96e1e1d622c,2026-09-26T09:57:19.410Z,11,1,4,0,2,1,1,1,1,Fraud,2,70,66,incident
Flooded paths and standing water after rains,Natural disaster,https://www.google.com/maps/reviews/data=!4m8!14m7!1m6!2m5!1sChdDSUhNMG9nS0VJQ0FnSUNlNkx2TTVBRRAB!2m1!1s0x0:0x8e110b99df2fbe22!3m1!1s2@1:CIHM0ogKEICAgICe6LvM5AE%7C%7C?hl=en,2022-09-05T09:39:59Z,"Mavalli, Bengaluru, Karnataka 560004, India (12.949416, 77.584681)",Google Maps (user review),Reviewer reported that paths bordering the gardens were flooded with standing dirty water following severe rains.,Lalbagh Botanical Garden,Lalbagh Botanical Garden,Scam and Tourist Trap,FLOOD,12.9494158,77.5846805,"Mavalli, Bengaluru, Karnataka 560004, India",Bengaluru,"The famed gardens in the place I grew up. Maybe the day I chose to walk wasn't the best day - the previous night had severe rains. The paths bordering the gardens were flooded and had standing dirty water in many places, the stench was unbearable. Sadly what was supposed to lush green lawn was mostly heavily weeded and uncut. Piles of unattended-to trash and stray dogs kept the company of many pairs openly showing their affection, oblivious to the surroundings. The lake is nothing but standing pollution. If you have seen well manicured parks elsewhere, save yourself some time. Maybe during spring/summer, the botanical show might be worth a visit, but if you plan to get a nice walk amongst serene surroundings, forget about it.",1,-0.8,2,0.95,USER_REPORTED,REVIEW,INC-fad8276eef8f5aec,ChIJHdPykcEVrjsRIr4v35kLEY4,https://www.google.com/maps/search/?api=1&query=Lalbagh%20Botanical%20Garden&query_place_id=ChIJHdPykcEVrjsRIr4v35kLEY4,ChdDSUhNMG9nS0VJQ0FnSUNlNkx2TTVBRRAB,ANAKIN_AI,1450cf49b18e021929653771b9c55e75dc34a49b3374cb67851950eab13c3018,2026-09-26T09:57:19.410Z,11,1,4,0,2,1,1,1,1,Fraud,2,70,66,incident
Security collecting unissued cash payment,Scam,https://www.google.com/maps/reviews/data=!4m8!14m7!1m6!2m5!1sCi9DQUlRQUNvZENodHljRjlvT2tGUlptSnpRa0pZY21SQ2IydzVZMVJLY21KUk0xRRAB!2m1!1s0x0:0x8e110b99df2fbe22!3m1!1s2@1:CAIQACodChtycF9oOkFRZmJzQkJYcmRCb2w5Y1RKcmJRM1E%7C%7C?hl=en,2026-04-25T12:52:47Z,"Mavalli, Bengaluru, Karnataka 560004, India (12.949416, 77.584681)",Google Maps (user review),Reviewer reported that a security guard was pocketing cash payments without issuing tickets.,Lalbagh Botanical Garden,Lalbagh Botanical Garden,Scam and Tourist Trap,SCAM,12.9494158,77.5846805,"Mavalli, Bengaluru, Karnataka 560004, India",Bengaluru,security uncle taking 50₹ cash without giving any tickets. corruption at its core. citizens must protest and bring this to notice. This is a historical landmark being misinterpreted by the goons,1,-0.9,3,0.95,USER_REPORTED,REVIEW,INC-0f41bb4067ca616c,ChIJHdPykcEVrjsRIr4v35kLEY4,https://www.google.com/maps/search/?api=1&query=Lalbagh%20Botanical%20Garden&query_place_id=ChIJHdPykcEVrjsRIr4v35kLEY4,Ci9DQUlRQUNvZENodHljRjlvT2tGUlptSnpRa0pZY21SQ2IydzVZMVJLY21KUk0xRRAB,ANAKIN_AI,0384a57e1ec857af88d7a954ea9e8ccf567a2f93d4316dd3ddce235bfd51696c,2026-09-26T09:57:19.410Z,11,1,4,0,2,1,1,1,1,Fraud,2,70,66,incident
Warning against visiting alone,Unsafe area,https://www.google.com/maps/reviews/data=!4m8!14m7!1m6!2m5!1sChZDSUhNMG9nS0VJQ0FnSURJb0xXekhnEAE!2m1!1s0x0:0x8e110b99df2fbe22!3m1!1s2@1:CIHM0ogKEICAgIDIoLWzHg%7C%7C?hl=en,2018-12-16T13:51:06Z,"Mavalli, Bengaluru, Karnataka 560004, India (12.949416, 77.584681)",Google Maps (user review),Reviewer warned against visiting alone due to individuals roaming in quiet corners of the garden.,Lalbagh Botanical Garden,Lalbagh Botanical Garden,Scam and Tourist Trap,ISOLATED_AREA,12.9494158,77.5846805,"Mavalli, Bengaluru, Karnataka 560004, India",Bengaluru,"Keep in mind that do not try to go alone in this garden, there are many stray boys roaming in the quiet place or in the corner. Couples enjoying garden bcz not good with family and and single parson
If u want visit with some one friends and one and group",1,-0.7,2,0.9,WARNING,REVIEW,INC-0b44fe207d1d960f,ChIJHdPykcEVrjsRIr4v35kLEY4,https://www.google.com/maps/search/?api=1&query=Lalbagh%20Botanical%20Garden&query_place_id=ChIJHdPykcEVrjsRIr4v35kLEY4,ChZDSUhNMG9nS0VJQ0FnSURJb0xXekhnEAE,ANAKIN_AI,85383c9d31f99b00863b6080e2f4b6b24581dc5edd44f04af9aeddeb7a109042,2026-09-26T09:57:19.410Z,11,1,4,0,2,1,1,1,1,Fraud,2,70,66,incident
Wallet Pickpocketed in Train,Crime,https://www.google.com/maps/reviews/data=!4m8!14m7!1m6!2m5!1sChdDSUhNMG9nS0VJQ0FnSUNHNTZuRnFnRRAB!2m1!1s0x0:0xbf2c173d7ba874ff!3m1!1s2@1:CIHM0ogKEICAgICG56nFqgE%7C%7C?hl=en,2021-11-11T19:03:36Z,"Mahatma Gandhi Road, Shivajinagar, Bengaluru, Karnataka 560001, India (12.975516, 77.606692)",Google Maps (user review),Reviewer reports that their wallet was pickpocketed by individuals in the train.,Mahatma Gandhi Road,MG Road,Scam and Tourist Trap,PICKPOCKETING,12.9755162,77.6066919,"Mahatma Gandhi Road, Shivajinagar, Bengaluru, Karnataka 560001, India",Bengaluru,"Thief's are more in this I lost my wallet here , some loafer Guys pickpocket my wallet in train . Later I complain no use .",1,-0.95,3,0.98,USER_REPORTED,REVIEW,INC-22ca6293d1a9cb5d,ChIJvwy9o30WrjsR_3Soez0XLL8,https://www.google.com/maps/search/?api=1&query=Mahatma%20Gandhi%20Road&query_place_id=ChIJvwy9o30WrjsR_3Soez0XLL8,ChdDSUhNMG9nS0VJQ0FnSUNHNTZuRnFnRRAB,ANAKIN_AI,bb658c128d30846eb38888aa88341b345033280ed5995742010b11b9bc02b46d,2026-09-26T09:57:19.410Z,6,0,2,1,1,0,0,1,1,Fraud,2,35,35,incident
Group Cheated While Loading Metro Card,Fraud,https://www.google.com/maps/reviews/data=!4m8!14m7!1m6!2m5!1sChZDSUhNMG9nS0VJQ0FnSUN0dHNlS1RnEAE!2m1!1s0x0:0xbf2c173d7ba874ff!3m1!1s2@1:CIHM0ogKEICAgICttseKTg%7C%7C?hl=en,2024-01-30T08:16:18Z,"Mahatma Gandhi Road, Shivajinagar, Bengaluru, Karnataka 560001, India (12.975516, 77.606692)",Google Maps (user review),Reviewer claims their group was repeatedly cheated while loading metro card balances.,Mahatma Gandhi Road,MG Road,Scam and Tourist Trap,OVERCHARGING,12.9755162,77.6066919,"Mahatma Gandhi Road, Shivajinagar, Bengaluru, Karnataka 560001, India",Bengaluru,While loading the metro card check before and after balance. Our group got cheated consistently .,1,-0.9,3,0.95,USER_ALLEGATION,REVIEW,INC-145504bdf31d1620,ChIJvwy9o30WrjsR_3Soez0XLL8,https://www.google.com/maps/search/?api=1&query=Mahatma%20Gandhi%20Road&query_place_id=ChIJvwy9o30WrjsR_3Soez0XLL8,ChZDSUhNMG9nS0VJQ0FnSUN0dHNlS1RnEAE,ANAKIN_AI,b77314e38699ff2d121b4fe25c6f0444c0eadd89c97d252bec9a2e530485e0a7,2026-09-26T09:57:19.410Z,6,0,2,1,1,0,0,1,1,Fraud,2,35,35,incident
Ticket Issuer Shortchanging Passengers,Fraud,https://www.google.com/maps/reviews/data=!4m8!14m7!1m6!2m5!1sChdDSUhNMG9nS0VJQ0FnSUNvcmNfUXlnRRAB!2m1!1s0x0:0xbf2c173d7ba874ff!3m1!1s2@1:CIHM0ogKEICAgICorc_QygE%7C%7C?hl=en,2019-02-23T13:52:11Z,"Mahatma Gandhi Road, Shivajinagar, Bengaluru, Karnataka 560001, India (12.975516, 77.606692)",Google Maps (user review),Reviewer alleges the ticket issuer cheats new passengers on exact change.,Mahatma Gandhi Road,MG Road,Scam and Tourist Trap,OVERCHARGING,12.9755162,77.6066919,"Mahatma Gandhi Road, Shivajinagar, Bengaluru, Karnataka 560001, India",Bengaluru,Station is great but the ticket a issuing person is cheating in giving exact change if she comes to know that the person is new to metro. This needs to be looked into by the relevant authorities,1,-0.85,2,0.9,USER_ALLEGATION,REVIEW,INC-6136bbfa7c794752,ChIJvwy9o30WrjsR_3Soez0XLL8,https://www.google.com/maps/search/?api=1&query=Mahatma%20Gandhi%20Road&query_place_id=ChIJvwy9o30WrjsR_3Soez0XLL8,ChdDSUhNMG9nS0VJQ0FnSUNvcmNfUXlnRRAB,ANAKIN_AI,8d217d6edd7e446124220d4287cfc1e636bfb6c74df9d9b4d6ed28b9ca6e449c,2026-09-26T09:57:19.410Z,6,0,2,1,1,0,0,1,1,Fraud,2,35,35,incident
Staff Pushed Reviewer at Washroom,Harassment,https://www.google.com/maps/reviews/data=!4m8!14m7!1m6!2m5!1sChZDSUhNMG9nS0VJQ0FnSUNaM01PREp3EAE!2m1!1s0x0:0xbf2c173d7ba874ff!3m1!1s2@1:CIHM0ogKEICAgICZ3MODJw%7C%7C?hl=en,2023-09-06T10:29:48Z,"Mahatma Gandhi Road, Shivajinagar, Bengaluru, Karnataka 560001, India (12.975516, 77.606692)",Google Maps (user review),Reviewer claims staff physically pushed them while trying to enter the washroom.,Mahatma Gandhi Road,MG Road,Scam and Tourist Trap,HARASSMENT,12.9755162,77.6066919,"Mahatma Gandhi Road, Shivajinagar, Bengaluru, Karnataka 560001, India",Bengaluru,Worst since you can use washroom only during entry and not during exit.  Seriously??? Womens or mens they shouldn’t keep such ridiculous rules. Workers literally pushed me off from entering into the washroom. Is this the behaviour??? Okay they have maintained the station well but why such a behaviour?,1,-0.9,2,0.9,USER_REPORTED,REVIEW,INC-e59cf9d45dd0f654,ChIJvwy9o30WrjsR_3Soez0XLL8,https://www.google.com/maps/search/?api=1&query=Mahatma%20Gandhi%20Road&query_place_id=ChIJvwy9o30WrjsR_3Soez0XLL8,ChZDSUhNMG9nS0VJQ0FnSUNaM01PREp3EAE,ANAKIN_AI,76aa2254f1a9e4d6fe5fe148dc36e3bc5f56fc6fd224a45cb75d7669f7990cd2,2026-09-26T09:57:19.410Z,6,0,2,1,1,0,0,1,1,Fraud,2,35,35,incident
Pavement Blocked Forcing Pedestrians onto Road,Infrastructure hazard,https://www.google.com/maps/reviews/data=!4m8!14m7!1m6!2m5!1sChdDSUhNMG9nS0VJQ0FnSUMyd2Q2dzlRRRAB!2m1!1s0x0:0xbf2c173d7ba874ff!3m1!1s2@1:CIHM0ogKEICAgIC2wd6w9QE%7C%7C?hl=en,2022-04-22T16:17:32Z,"Mahatma Gandhi Road, Shivajinagar, Bengaluru, Karnataka 560001, India (12.975516, 77.606692)",Google Maps (user review),"Reviewer states that pavement blocking forces pedestrians, including women and kids, to walk on the main road at night.",Mahatma Gandhi Road,MG Road,Scam and Tourist Trap,BROKEN_ROAD,12.9755162,77.6066919,"Mahatma Gandhi Road, Shivajinagar, Bengaluru, Karnataka 560001, India",Bengaluru,"They block pavement in evening after 8 pm, and the pedestrian has to walk on main road... Disgusting rules, expecting women and kids to walk on main road from kumble circle to m g road metro in the night that too",1,-0.9,2,0.92,USER_REPORTED,REVIEW,INC-cd080d383e7078fc,ChIJvwy9o30WrjsR_3Soez0XLL8,https://www.google.com/maps/search/?api=1&query=Mahatma%20Gandhi%20Road&query_place_id=ChIJvwy9o30WrjsR_3Soez0XLL8,ChdDSUhNMG9nS0VJQ0FnSUMyd2Q2dzlRRRAB,ANAKIN_AI,aa14118f161c6ca7fdc9c4bf005509225cac55bf2f28d730e561e396cc2ab411,2026-09-26T09:57:19.410Z,6,0,2,1,1,0,0,1,1,Fraud,2,35,35,incident
Station Blocked by Police on Dec 31,Unsafe area,https://www.google.com/maps/reviews/data=!4m8!14m7!1m6!2m5!1sCi9DQUlRQUNvZENodHljRjlvT21GbWFXZ3hYMHBzTnpsS09VaGtSbUpoWWpoVVZrRRAB!2m1!1s0x0:0xbf2c173d7ba874ff!3m1!1s2@1:CAIQACodChtycF9oOmFmaWgxX0psNzlKOUhkRmJhYjhUVkE%7C%7C?hl=en,2026-01-08T04:29:24Z,"Mahatma Gandhi Road, Shivajinagar, Bengaluru, Karnataka 560001, India (12.975516, 77.606692)",Google Maps (user review),Reviewer warns that the station is blocked by police every December 31st evening.,Mahatma Gandhi Road,MG Road,Scam and Tourist Trap,STREET_SAFETY,12.9755162,77.6066919,"Mahatma Gandhi Road, Shivajinagar, Bengaluru, Karnataka 560001, India",Bengaluru,MG road metro station will be blocked every 31Dec evening by bengaluru police. So don't plan to go there. FYI,1,-0.6,1,0.9,WARNING,REVIEW,INC-eba133c64da90140,ChIJvwy9o30WrjsR_3Soez0XLL8,https://www.google.com/maps/search/?api=1&query=Mahatma%20Gandhi%20Road&query_place_id=ChIJvwy9o30WrjsR_3Soez0XLL8,Ci9DQUlRQUNvZENodHljRjlvT21GbWFXZ3hYMHBzTnpsS09VaGtSbUpoWWpoVVZrRRAB,ANAKIN_AI,69d60a44a3f95e87b6783b107e90494dc668785c37044b83cb05ddc5802bf084,2026-09-26T09:57:19.410Z,6,0,2,1,1,0,0,1,1,Fraud,2,35,35,incident
Phone Stolen and Poor Police Response,Crime,https://www.google.com/maps/reviews/data=!4m8!14m7!1m6!2m5!1sChZDSUhNMG9nS0VJQ0FnSUNtcjlINkxnEAE!2m1!1s0x0:0x94cc140422157b1e!3m1!1s2@1:CIHM0ogKEICAgICmr9H6Lg%7C%7C?hl=en,2022-01-13T17:10:40Z,"Shivaji Nagar, Bengaluru, Karnataka 560051, India (12.983461, 77.603126)",Google Maps (user review),Reviewer states their phone was stolen and police were uncooperative.,Shivajinagara,Shivajinagar Bus Stand,Street-Crime and High-Risk,THEFT,12.983461,77.603126,"Shivaji Nagar, Bengaluru, Karnataka 560051, India",Bengaluru,Many thieft happen . They stole my phone I had also complain in police station police also not co-operate well to find my phone .... Totally feel worst in banglore (worst city I visited),1,-0.9,4,0.95,USER_REPORTED,REVIEW,INC-a824f53eabea7d10,ChIJcQLx6mMWrjsRHnsVIgQUzJQ,https://www.google.com/maps/search/?api=1&query=Shivajinagara&query_place_id=ChIJcQLx6mMWrjsRHnsVIgQUzJQ,ChZDSUhNMG9nS0VJQ0FnSUNtcjlINkxnEAE,ANAKIN_AI,cc931f1729fa0e1177d14242e10963262bb56ded522fa2671adb04d979fc82f3,2026-09-26T09:57:19.410Z,7,0,0,2,2,0,0,3,0,Unsafe area,2,44,35,incident
Phone Snatching Warning at Bus Stop,Crime,https://www.google.com/maps/reviews/data=!4m8!14m7!1m6!2m5!1sChdDSUhNMG9nS0VJQ0FnSUNjc2ItZS1BRRAB!2m1!1s0x0:0x94cc140422157b1e!3m1!1s2@1:CIHM0ogKEICAgICcsb-e-AE%7C%7C?hl=en,2020-03-14T01:19:44Z,"Shivaji Nagar, Bengaluru, Karnataka 560051, India (12.983461, 77.603126)",Google Maps (user review),Reviewer warns that thieves snatch mobile phones from people using them in the early morning.,Shivajinagara,Shivajinagar Bus Stand,Street-Crime and High-Risk,PHONE_SNATCHING,12.983461,77.603126,"Shivaji Nagar, Bengaluru, Karnataka 560051, India",Bengaluru,"Please be careful when you are around shivaji nagar bus stop. Yes, even though it is one of major bus stand in Bangalore. It's not safe in early morning. Because , so many thieves are there. While you using mobiles and speaking calls , they would snatch and grab your mobile.They will escape by bikes. These kind of incidents happening now a days in shivaji nagar bus stop. So please be careful.",1,-0.8,4,0.95,WARNING,REVIEW,INC-4d8ce820008a78a2,ChIJcQLx6mMWrjsRHnsVIgQUzJQ,https://www.google.com/maps/search/?api=1&query=Shivajinagara&query_place_id=ChIJcQLx6mMWrjsRHnsVIgQUzJQ,ChdDSUhNMG9nS0VJQ0FnSUNjc2ItZS1BRRAB,ANAKIN_AI,50e43320aac34ef5c643b8c4cacc5d90fb401c9f9873321abe43f47d7b5e217c,2026-09-26T09:57:19.410Z,7,0,0,2,2,0,0,3,0,Unsafe area,2,44,35,incident
Women Feel Unsafe Due to Harassers,Harassment,https://www.google.com/maps/reviews/data=!4m8!14m7!1m6!2m5!1sChdDSUhNMG9nS0VJQ0FnSURXbGNLXzdRRRAB!2m1!1s0x0:0x94cc140422157b1e!3m1!1s2@1:CIHM0ogKEICAgIDWlcK_7QE%7C%7C?hl=en,2022-05-19T07:16:22Z,"Shivaji Nagar, Bengaluru, Karnataka 560051, India (12.983461, 77.603126)",Google Maps (user review),Reviewer reports that women feel unsafe due to vulgar individuals roaming around.,Shivajinagara,Shivajinagar Bus Stand,Street-Crime and High-Risk,HARASSMENT,12.983461,77.603126,"Shivaji Nagar, Bengaluru, Karnataka 560051, India",Bengaluru,Bus want come on time same time all the bus for same way come together not maintain proparly more over women's are not safe velger type of person wil roaming around so feel uncomfortable pls do something 😔😔😔,1,-0.8,3,0.95,PERCEPTION,REVIEW,INC-0e0cb59b021185f0,ChIJcQLx6mMWrjsRHnsVIgQUzJQ,https://www.google.com/maps/search/?api=1&query=Shivajinagara&query_place_id=ChIJcQLx6mMWrjsRHnsVIgQUzJQ,ChdDSUhNMG9nS0VJQ0FnSURXbGNLXzdRRRAB,ANAKIN_AI,15becd36151e022167ccd3d7a8aebb67106fecdcbe4af291bf29297361df479d,2026-09-26T09:57:19.410Z,7,0,0,2,2,0,0,3,0,Unsafe area,2,44,35,incident
Vulgar Behavior at Public Toilet,Harassment,https://www.google.com/maps/reviews/data=!4m8!14m7!1m6!2m5!1sChZDSUhNMG9nS0VJQ0FnSURXM09PVE1REAE!2m1!1s0x0:0x94cc140422157b1e!3m1!1s2@1:CIHM0ogKEICAgIDW3OOTMQ%7C%7C?hl=en,2022-03-18T04:31:37Z,"Shivaji Nagar, Bengaluru, Karnataka 560051, India (12.983461, 77.603126)",Google Maps (user review),Reviewer reports vulgar behavior and overcharging by the public toilet incharge.,Shivajinagara,Shivajinagar Bus Stand,Street-Crime and High-Risk,HARASSMENT,12.983461,77.603126,"Shivaji Nagar, Bengaluru, Karnataka 560051, India",Bengaluru,Public toilet incharge boy is shown very vulgarity behavior. Asked 20rupees to enter urinal otherwise he will say get lost.  Try to stay away from  govt public toilet and stay safe,1,-0.9,2,0.9,USER_REPORTED,REVIEW,INC-3938fc8287dd1d61,ChIJcQLx6mMWrjsRHnsVIgQUzJQ,https://www.google.com/maps/search/?api=1&query=Shivajinagara&query_place_id=ChIJcQLx6mMWrjsRHnsVIgQUzJQ,ChZDSUhNMG9nS0VJQ0FnSURXM09PVE1REAE,ANAKIN_AI,9a54be240599c456a773a0675d801efce928bada68b725d713a20bf940a3477f,2026-09-26T09:57:19.410Z,7,0,0,2,2,0,0,3,0,Unsafe area,2,44,35,incident
Autos Overcharging and Lack of Policing,Unsafe area,https://www.google.com/maps/reviews/data=!4m8!14m7!1m6!2m5!1sChZDSUhNMG9nS0VJQ0FnTURJcUxXa1VnEAE!2m1!1s0x0:0x94cc140422157b1e!3m1!1s2@1:CIHM0ogKEICAgMDIqLWkUg%7C%7C?hl=en,2025-04-06T17:20:59Z,"Shivaji Nagar, Bengaluru, Karnataka 560051, India (12.983461, 77.603126)",Google Maps (user review),Reviewer states that autos demand high prices and police are scared in the area.,Shivajinagara,Shivajinagar Bus Stand,Street-Crime and High-Risk,OTHER,12.983461,77.603126,"Shivaji Nagar, Bengaluru, Karnataka 560051, India",Bengaluru,No buses intime auto s are demanding to costly   sory its my gues police are scared in shivijinagar  neelsandra ashok nagar,1,-0.7,2,0.85,USER_REPORTED,REVIEW,INC-1b5fb0537810188d,ChIJcQLx6mMWrjsRHnsVIgQUzJQ,https://www.google.com/maps/search/?api=1&query=Shivajinagara&query_place_id=ChIJcQLx6mMWrjsRHnsVIgQUzJQ,ChZDSUhNMG9nS0VJQ0FnTURJcUxXa1VnEAE,ANAKIN_AI,6ef7bcdb981f22dc0035103c8226d46ae04b3c6ac9f6cac705928737925e2e2e,2026-09-26T09:57:19.410Z,7,0,0,2,2,0,0,3,0,Unsafe area,2,44,35,incident
Poor Safety and Sanitation for Women,Unsafe area,https://www.google.com/maps/reviews/data=!4m8!14m7!1m6!2m5!1sChdDSUhNMG9nS0VJQ0FnSUNTcTRMMmtnRRAB!2m1!1s0x0:0x94cc140422157b1e!3m1!1s2@1:CIHM0ogKEICAgICSq4L2kgE%7C%7C?hl=en,2020-12-17T10:39:43Z,"Shivaji Nagar, Bengaluru, Karnataka 560051, India (12.983461, 77.603126)",Google Maps (user review),Reviewer states there is no safety for ladies and poor cleanliness.,Shivajinagara,Shivajinagar Bus Stand,Street-Crime and High-Risk,OTHER,12.983461,77.603126,"Shivaji Nagar, Bengaluru, Karnataka 560051, India",Bengaluru,The cleanliness very poor & No safety for ladies. If possible please arrange the public toilets.Thank.,1,-0.7,2,0.9,PERCEPTION,REVIEW,INC-85b4d1f23eccc136,ChIJcQLx6mMWrjsRHnsVIgQUzJQ,https://www.google.com/maps/search/?api=1&query=Shivajinagara&query_place_id=ChIJcQLx6mMWrjsRHnsVIgQUzJQ,ChdDSUhNMG9nS0VJQ0FnSUNTcTRMMmtnRRAB,ANAKIN_AI,780b6be3d6cb144222104b2cc407686c51e26c7c0694cb3855feec16b299daf7,2026-09-26T09:57:19.410Z,7,0,0,2,2,0,0,3,0,Unsafe area,2,44,35,incident
High Risk Crossing Lanes and Boarding Buses,Unsafe area,https://www.google.com/maps/reviews/data=!4m8!14m7!1m6!2m5!1sChZDSUhNMG9nS0VJQ0FnSURzOExEelJ3EAE!2m1!1s0x0:0x94cc140422157b1e!3m1!1s2@1:CIHM0ogKEICAgIDs8LDzRw%7C%7C?hl=en,2020-02-21T14:56:56Z,"Shivaji Nagar, Bengaluru, Karnataka 560051, India (12.983461, 77.603126)",Google Maps (user review),Reviewer states crossing lanes and boarding buses has become high risk.,Shivajinagara,Shivajinagar Bus Stand,Street-Crime and High-Risk,STREET_SAFETY,12.983461,77.603126,"Shivaji Nagar, Bengaluru, Karnataka 560051, India",Bengaluru,"In 1980-90s SAFE.
Now 2013-20 High risk crossing lanes and Boarding BMTC😡😡",1,-0.7,2,0.85,PERCEPTION,REVIEW,INC-256d1280e33c34c7,ChIJcQLx6mMWrjsRHnsVIgQUzJQ,https://www.google.com/maps/search/?api=1&query=Shivajinagara&query_place_id=ChIJcQLx6mMWrjsRHnsVIgQUzJQ,ChZDSUhNMG9nS0VJQ0FnSURzOExEelJ3EAE,ANAKIN_AI,0f8f6c7b39f2d87496a33bf95dcfb93abe6cd02209f04decb28e567cbe3c172a,2026-09-26T09:57:19.410Z,7,0,0,2,2,0,0,3,0,Unsafe area,2,44,35,incident
Warning of potential stampede due to construction,Accident,https://www.google.com/maps/reviews/data=!4m8!14m7!1m6!2m5!1sCi9DQUlRQUNvZENodHljRjlvT2pObFNuWmhXRTF6ZVRsclR6QXpORVowVkVWeU1WRRAB!2m1!1s0x0:0x85193d284fb9453e!3m1!1s2@1:CAIQACodChtycF9oOjNlSnZhWE1zeTlrTzAzNEZ0VEVyMVE%7C%7C?hl=en,2026-06-20T10:57:08Z,"Tumkur Rd, Dr.Ambedkar Nagar, Yeswanthpur, Bengaluru, Karnataka 560022, India (13.023750, 77.551712)",Google Maps (user review),"Reviewer warns that overcrowding, construction, narrow platforms, and lack of guidance or police presence could lead to a stampede.",Yesvantpur Jn,Yeshwanthpur Railway Station,Street-Crime and High-Risk,STAMPEDE,13.0237502,77.551712,"Tumkur Rd, Dr.Ambedkar Nagar, Yeswanthpur, Bengaluru, Karnataka 560022, India",Bengaluru,"Yashwanthpur Railway Station is a disaster waiting to happen.
The Station is dug up in both entrances and all 6 platforms. No indication boards, no body to guide, no police presence. There is no shade for sun and rain in major part of the Station. At places the platform is only 5-6 feet . The Station being terminating and starting point for many trains. My warning for all concerned:
There will be a stampede and number of people may loose life.
I believe, then only authorities will come forward with condolences and sympathes.

Do what is needed, save lives.",1,-0.8,4,0.95,WARNING,REVIEW,INC-b12cec9e2f843d88,ChIJ_XNnaWU9rjsRPkW5Tyg9GYU,https://www.google.com/maps/search/?api=1&query=Yesvantpur%20Jn&query_place_id=ChIJ_XNnaWU9rjsRPkW5Tyg9GYU,Ci9DQUlRQUNvZENodHljRjlvT2pObFNuWmhXRTF6ZVRsclR6QXpORVowVkVWeU1WRRAB,ANAKIN_AI,35bc91ce7962517eddc4dedf88a8c584007db68cf62dc25be1b0a117fdf5759e,2026-09-26T09:57:19.410Z,13,0,1,2,2,2,0,2,4,Infrastructure hazard,2,70,65,incident
Escalator stopped suddenly causing near fall,Accident,https://www.google.com/maps/reviews/data=!4m8!14m7!1m6!2m5!1sChZDSUhNMG9nS0VJQ0FnSUNscWVMcFFREAE!2m1!1s0x0:0xc5753f7004e9a524!3m1!1s2@1:CIHM0ogKEICAgIClqeLpQQ%7C%7C?hl=en,2023-11-21T14:34:46Z,"Tumkur Road Yeshwanthpur Industrial Area Phase 1 Mahalakshmi Layout Bangalore, Arisinakunte, Karnataka 560022, India (13.023309, 77.549864)",Google Maps (user review),"Reviewer reported a sudden stoppage of the escalator while carrying heavy luggage, causing a near-fall incident after security denied lift access.",Yeshwanthpur,Yeshwanthpur Railway Station,Street-Crime and High-Risk,FALL_INJURY,13.0233093,77.5498636,"Tumkur Road Yeshwanthpur Industrial Area Phase 1 Mahalakshmi Layout Bangalore, Arisinakunte, Karnataka 560022, India","Arisinakunte, Bengaluru","The behaviour of the security incharge is really bad ,we were carrying a heavy bay and we were about to enter the lift but the lady incharge (security) shouted us and she didn’t allow us to enter the lift and we used the escalator but it suddenly stopped and we were about to fall.this kind of behaviour towards the passengers is not appreciatable",1,-0.85,2,0.89,USER_REPORTED,REVIEW,INC-4741c36b21617109,ChIJ78lSjG89rjsRJKXpBHA_dcU,https://www.google.com/maps/search/?api=1&query=Yeshwanthpur&query_place_id=ChIJ78lSjG89rjsRJKXpBHA_dcU,ChZDSUhNMG9nS0VJQ0FnSUNscWVMcFFREAE,ANAKIN_AI,0f002798779aaedc635b80795e1d741f6244a83c59aa39083c6e55e31c8cbfcf,2026-09-26T09:57:19.410Z,13,0,1,2,2,2,0,2,4,Infrastructure hazard,2,70,65,incident
Robbery attacks near auto stand at night,Crime,https://www.google.com/maps/reviews/data=!4m8!14m7!1m6!2m5!1sCi9DQUlRQUNvZENodHljRjlvT21ZM2RtOXBXVkpWVVVJeGNHVjFMVEJSVGpOb1pHYxAB!2m1!1s0x0:0xc5753f7004e9a524!3m1!1s2@1:CAIQACodChtycF9oOmY3dm9pWVJVUUIxcGV1LTBRTjNoZGc%7C%7C?hl=en,2026-05-30T11:21:20Z,"Tumkur Road Yeshwanthpur Industrial Area Phase 1 Mahalakshmi Layout Bangalore, Arisinakunte, Karnataka 560022, India (13.023309, 77.549864)",Google Maps (user review),Reviewer reported robbery attacks near the auto stand at midnight and requested CCTV cameras.,Yeshwanthpur,Yeshwanthpur Railway Station,Street-Crime and High-Risk,ROBBERY,13.0233093,77.5498636,"Tumkur Road Yeshwanthpur Industrial Area Phase 1 Mahalakshmi Layout Bangalore, Arisinakunte, Karnataka 560022, India","Arisinakunte, Bengaluru","Please put cc camera Yashwanthpur metro station under near by auto stand
Beacuse in midnight there going lot of problem like robbery attacks and all please take care of this from Banglore Nama metro",1,-0.9,4,0.92,USER_REPORTED,REVIEW,INC-3bd94eb84dd835df,ChIJ78lSjG89rjsRJKXpBHA_dcU,https://www.google.com/maps/search/?api=1&query=Yeshwanthpur&query_place_id=ChIJ78lSjG89rjsRJKXpBHA_dcU,Ci9DQUlRQUNvZENodHljRjlvT21ZM2RtOXBXVkpWVVVJeGNHVjFMVEJSVGpOb1pHYxAB,ANAKIN_AI,d181368fa2b26cc15d2dfb9f45b75f2cecf8efe884fe8dbeacb10a7990097081,2026-09-26T09:57:19.410Z,13,0,1,2,2,2,0,2,4,Infrastructure hazard,2,70,65,incident
Phone theft and inactive police response,Crime,https://www.google.com/maps/reviews/data=!4m8!14m7!1m6!2m5!1sCi9DQUlRQUNvZENodHljRjlvT2pGVU5rRkRTSGx0Y1RWSlprMXpibXBYTUhGM1dVRRAB!2m1!1s0x0:0x85193d284fb9453e!3m1!1s2@1:CAIQACodChtycF9oOjFUNkFDSHltcTVJZk1zbmpXMHF3WUE%7C%7C?hl=en,2026-03-20T12:39:26Z,"Tumkur Rd, Dr.Ambedkar Nagar, Yeswanthpur, Bengaluru, Karnataka 560022, India (13.023750, 77.551712)",Google Maps (user review),Reviewer reported that their mobile phone was stolen and that police claimed there were no working cameras.,Yesvantpur Jn,Yeshwanthpur Railway Station,Street-Crime and High-Risk,THEFT,13.0237502,77.551712,"Tumkur Rd, Dr.Ambedkar Nagar, Yeswanthpur, Bengaluru, Karnataka 560022, India",Bengaluru,"There Are Thiefs, they don't be scared please keep your things safe. They theft my galaxy ultra 25. 1.5lcs mobile Police is Not Active when we ask police about camera they are simply saying we don't have cameras here. I think they also involved this scam. Totally Open public they pull your phones",1,-0.95,4,0.98,USER_REPORTED,REVIEW,INC-4642587c0dd9837e,ChIJ_XNnaWU9rjsRPkW5Tyg9GYU,https://www.google.com/maps/search/?api=1&query=Yesvantpur%20Jn&query_place_id=ChIJ_XNnaWU9rjsRPkW5Tyg9GYU,Ci9DQUlRQUNvZENodHljRjlvT2pGVU5rRkRTSGx0Y1RWSlprMXpibXBYTUhGM1dVRRAB,ANAKIN_AI,cbb7771aaaa9129750bbd5c25a879f8b54a3284375c949f1383d2f8f8879abd6,2026-09-26T09:57:19.410Z,13,0,1,2,2,2,0,2,4,Infrastructure hazard,2,70,65,incident
Incorrect balance given,Fraud,https://www.google.com/maps/reviews/data=!4m8!14m7!1m6!2m5!1sChdDSUhNMG9nS0VJQ0FnSURzdVpILTJ3RRAB!2m1!1s0x0:0xc5753f7004e9a524!3m1!1s2@1:CIHM0ogKEICAgIDsuZH-2wE%7C%7C?hl=en,2020-03-09T06:16:30Z,"Tumkur Road Yeshwanthpur Industrial Area Phase 1 Mahalakshmi Layout Bangalore, Arisinakunte, Karnataka 560022, India (13.023309, 77.549864)",Google Maps (user review),Reviewer alleged that staff did not give correct balance on change.,Yeshwanthpur,Yeshwanthpur Railway Station,Street-Crime and High-Risk,OVERCHARGING,13.0233093,77.5498636,"Tumkur Road Yeshwanthpur Industrial Area Phase 1 Mahalakshmi Layout Bangalore, Arisinakunte, Karnataka 560022, India","Arisinakunte, Bengaluru",they didn't give me correct balance. I wonder how much money they make out of this every day. also the bmrc website is slow and keeps crashing,1,-0.6,2,0.85,USER_REPORTED,REVIEW,INC-1f8ec5cb1591762b,ChIJ78lSjG89rjsRJKXpBHA_dcU,https://www.google.com/maps/search/?api=1&query=Yeshwanthpur&query_place_id=ChIJ78lSjG89rjsRJKXpBHA_dcU,ChdDSUhNMG9nS0VJQ0FnSURzdVpILTJ3RRAB,ANAKIN_AI,4cb306f40c9455546cb44f8d4dd1e6185a77c886b2c05036052f2f5720fb3861,2026-09-26T09:57:19.410Z,13,0,1,2,2,2,0,2,4,Infrastructure hazard,2,70,65,incident
Threatening behavior by ticket counter staff,Harassment,https://www.google.com/maps/reviews/data=!4m8!14m7!1m6!2m5!1sCi9DQUlRQUNvZENodHljRjlvT2xwcFFuSmpTMGRJUWtKU1NVVldNWFV3ZVRaS2VFRRAB!2m1!1s0x0:0x85193d284fb9453e!3m1!1s2@1:CAIQACodChtycF9oOlppQnJjS0dIQkJSSUVWMXUweTZKeEE%7C%7C?hl=en,2026-06-20T01:08:45Z,"Tumkur Rd, Dr.Ambedkar Nagar, Yeswanthpur, Bengaluru, Karnataka 560022, India (13.023750, 77.551712)",Google Maps (user review),"Reviewer states that ticket counter staff spoke in a cruel manner, delayed ticket issuance, and threatened to call the police and hit passengers.",Yesvantpur Jn,Yeshwanthpur Railway Station,Street-Crime and High-Risk,HARASSMENT,13.0237502,77.551712,"Tumkur Rd, Dr.Ambedkar Nagar, Yeswanthpur, Bengaluru, Karnataka 560022, India",Bengaluru,"It is the one of the supporting railway station of Bangalore. And good. Platform cleanness. And. Bit of construction is working in progress but
The. Persons in the  railway ticket counter is not provided the ticket. Fastly in the morning and. They  will be  saying I will. Call the police and hit you and speaking to passengers in cruel manner..
causing it  delays  for passengers
And remaining is all good.,👍.",1,-0.5,3,0.9,USER_REPORTED,REVIEW,INC-2ebbcf2fd4599e7d,ChIJ_XNnaWU9rjsRPkW5Tyg9GYU,https://www.google.com/maps/search/?api=1&query=Yesvantpur%20Jn&query_place_id=ChIJ_XNnaWU9rjsRPkW5Tyg9GYU,Ci9DQUlRQUNvZENodHljRjlvT2xwcFFuSmpTMGRJUWtKU1NVVldNWFV3ZVRaS2VFRRAB,ANAKIN_AI,3ebeca31e475b6b718331a96a298ab137e8244136510c339ec62b0b1e6e11d91,2026-09-26T09:57:19.410Z,13,0,1,2,2,2,0,2,4,Infrastructure hazard,2,70,65,incident
Harassment by station security guards,Harassment,https://www.google.com/maps/reviews/data=!4m8!14m7!1m6!2m5!1sCi9DQUlRQUNvZENodHljRjlvT21GMWMwRkVXVWRLTW5kRVJVeE9TazFPY1UxalYzYxAB!2m1!1s0x0:0xc5753f7004e9a524!3m1!1s2@1:CAIQACodChtycF9oOmF1c0FEWUdKMndERUxOSk1OcU1jV3c%7C%7C?hl=en,2025-09-09T13:46:20Z,"Tumkur Road Yeshwanthpur Industrial Area Phase 1 Mahalakshmi Layout Bangalore, Arisinakunte, Karnataka 560022, India (13.023309, 77.549864)",Google Maps (user review),Reviewer reported harassment by station security guards who scold commuters.,Yeshwanthpur,Yeshwanthpur Railway Station,Street-Crime and High-Risk,HARASSMENT,13.0233093,77.5498636,"Tumkur Road Yeshwanthpur Industrial Area Phase 1 Mahalakshmi Layout Bangalore, Arisinakunte, Karnataka 560022, India","Arisinakunte, Bengaluru",Perticularly for this station proper training required for security. Own security rules for this station. Herrasement by them to the commuters. They don't know the SOP and standard guidelines. They feel like wardens. seprate rules imposing at this station. Feel that scolding commuters is their right.,1,-0.8,2,0.88,USER_REPORTED,REVIEW,INC-55b11c9ad8583d57,ChIJ78lSjG89rjsRJKXpBHA_dcU,https://www.google.com/maps/search/?api=1&query=Yeshwanthpur&query_place_id=ChIJ78lSjG89rjsRJKXpBHA_dcU,Ci9DQUlRQUNvZENodHljRjlvT21GMWMwRkVXVWRLTW5kRVJVeE9TazFPY1UxalYzYxAB,ANAKIN_AI,9538e2517e113f224cd7aa2de1ea691a0c0c24736039e3f9e9a3b624a9014850,2026-09-26T09:57:19.410Z,13,0,1,2,2,2,0,2,4,Infrastructure hazard,2,70,65,incident
Construction chaos and lack of support,Infrastructure hazard,https://www.google.com/maps/reviews/data=!4m8!14m7!1m6!2m5!1sCi9DQUlRQUNvZENodHljRjlvT210WWJtRm9UR2Q2V0hSVk9FMWtRM05yYldkUWFtYxAB!2m1!1s0x0:0x85193d284fb9453e!3m1!1s2@1:CAIQACodChtycF9oOmtYbmFoTGd6WHRVOE1kQ3NrbWdQamc%7C%7C?hl=en,2026-07-16T02:31:20Z,"Tumkur Rd, Dr.Ambedkar Nagar, Yeswanthpur, Bengaluru, Karnataka 560022, India (13.023750, 77.551712)",Google Maps (user review),Reviewer warns against visiting the station due to heavy construction chaos lacking commuter support.,Yesvantpur Jn,Yeshwanthpur Railway Station,Street-Crime and High-Risk,OTHER,13.0237502,77.551712,"Tumkur Rd, Dr.Ambedkar Nagar, Yeswanthpur, Bengaluru, Karnataka 560022, India",Bengaluru,"Since there is a construction going on in the junction,it's clearly no for passangers with senior citizens and kids. Avoid going to the junction. Take any alternative train or next stop. Authorities had not taken any measures to support commuters while doing construction.chaotic",1,-0.9,2,0.9,WARNING,REVIEW,INC-3527d77d2b3b0327,ChIJ_XNnaWU9rjsRPkW5Tyg9GYU,https://www.google.com/maps/search/?api=1&query=Yesvantpur%20Jn&query_place_id=ChIJ_XNnaWU9rjsRPkW5Tyg9GYU,Ci9DQUlRQUNvZENodHljRjlvT210WWJtRm9UR2Q2V0hSVk9FMWtRM05yYldkUWFtYxAB,ANAKIN_AI,87d166357f767d5505e38ec625cba4d5dc21457a436cf38cb70ad675c9f220d0,2026-09-26T09:57:19.410Z,13,0,1,2,2,2,0,2,4,Infrastructure hazard,2,70,65,incident
Hazardous conditions and poor management during construction,Infrastructure hazard,https://www.google.com/maps/reviews/data=!4m8!14m7!1m6!2m5!1sCi9DQUlRQUNvZENodHljRjlvT21GeVpYUnFRVmhrTTBaNFpEUXlWSEI0ZVdwV2RrRRAB!2m1!1s0x0:0x85193d284fb9453e!3m1!1s2@1:CAIQACodChtycF9oOmFyZXRqQVhkM0Z4ZDQyVHB4eWpWdkE%7C%7C?hl=en,2026-05-31T01:33:05Z,"Tumkur Rd, Dr.Ambedkar Nagar, Yeswanthpur, Bengaluru, Karnataka 560022, India (13.023750, 77.551712)",Google Maps (user review),"Reviewer reported hazardous conditions, lack of digital display boards, non-functional elevators, and poor management during construction.",Yesvantpur Jn,Yeshwanthpur Railway Station,Street-Crime and High-Risk,OTHER,13.0237502,77.551712,"Tumkur Rd, Dr.Ambedkar Nagar, Yeswanthpur, Bengaluru, Karnataka 560022, India",Bengaluru,"Redevelopment or Public Harassment? South Western Railway needs to answer.For over six months, passengers at the metro-connected railway station have been facing hazardous conditions under the guise of ""construction"".How can a major transit hub lack digital display boards on its main Foot Over Bridges? People coming from the Metro have no idea which platform their train is on. To make matters worse, zero functional elevators mean senior citizens and children are forced to climb double-height stairs and walk over 750 meters just to board a train.Construction cannot be an excuse for zero management. @SWRRLY needs to deploy temporary infrastructure immediately.",1,-0.8,2,0.95,USER_REPORTED,REVIEW,INC-57c9fd104dce3c30,ChIJ_XNnaWU9rjsRPkW5Tyg9GYU,https://www.google.com/maps/search/?api=1&query=Yesvantpur%20Jn&query_place_id=ChIJ_XNnaWU9rjsRPkW5Tyg9GYU,Ci9DQUlRQUNvZENodHljRjlvT21GeVpYUnFRVmhrTTBaNFpEUXlWSEI0ZVdwV2RrRRAB,ANAKIN_AI,6c2932765580248fee0dc2500584471af9c3ef656f82276eb0725659a173e610,2026-09-26T09:57:19.410Z,13,0,1,2,2,2,0,2,4,Infrastructure hazard,2,70,65,incident
Poor lighting and confusing entry signage,Infrastructure hazard,https://www.google.com/maps/reviews/data=!4m8!14m7!1m6!2m5!1sCi9DQUlRQUNvZENodHljRjlvT2pVNWVrZHNTbVJqWnkwNWQzWnlSVGxpWVVOak9IYxAB!2m1!1s0x0:0x85193d284fb9453e!3m1!1s2@1:CAIQACodChtycF9oOjU5ekdsSmRjZy05d3ZyRTliYUNjOHc%7C%7C?hl=en,2026-02-14T15:47:27Z,"Tumkur Rd, Dr.Ambedkar Nagar, Yeswanthpur, Bengaluru, Karnataka 560022, India (13.023750, 77.551712)",Google Maps (user review),"Reviewer reported poor pedestrian accessibility, confusing entry signage, and unlit entry roads.",Yesvantpur Jn,Yeshwanthpur Railway Station,Street-Crime and High-Risk,POOR_LIGHTING,13.0237502,77.551712,"Tumkur Rd, Dr.Ambedkar Nagar, Yeswanthpur, Bengaluru, Karnataka 560022, India",Bengaluru,"1. Poorly accessible for pedestrians who come by bus or auto with luggage and want to cross road; The u-turn is way far off and a 10-15 min time-waster with no pedestrian access to cross road to get to station quickly given the horrible traffic.
2. Poor signage on how to enter to the station - absolutely confusing if you dont come by metro. Which road should you enter to get to the station? Where is the station entry signage after you are dropped off? And it is not even lit!
3. Within station, FOB is far off; station signages about the platforms are not clearly visible - but if you get down the platform number could barely be seen (e,g try which side is platform 4 /5 once you get down).
4. And, the FOB once you find is at an end you have to go, climb, get down and again cross the entire train...
The renovation wont solve the pedestrian access issues from outside...so best avoid getting in from there..KR puram is better accessible IMO.",1,-0.7,2,0.9,USER_REPORTED,REVIEW,INC-ac83c10f8a17b88b,ChIJ_XNnaWU9rjsRPkW5Tyg9GYU,https://www.google.com/maps/search/?api=1&query=Yesvantpur%20Jn&query_place_id=ChIJ_XNnaWU9rjsRPkW5Tyg9GYU,Ci9DQUlRQUNvZENodHljRjlvT2pVNWVrZHNTbVJqWnkwNWQzWnlSVGxpWVVOak9IYxAB,ANAKIN_AI,2087fbab27d362b67953eb986e2226bee423510f3a760c4417eff2c220bc28d0,2026-09-26T09:57:19.410Z,13,0,1,2,2,2,0,2,4,Infrastructure hazard,2,70,65,incident
Risk of stampede due to poor bridge management,Infrastructure hazard,https://www.google.com/maps/reviews/data=!4m8!14m7!1m6!2m5!1sCi9DQUlRQUNvZENodHljRjlvT2tOVk0wTjZiamh4U0MwdGRuWXlVelIwTWtSV2JYYxAB!2m1!1s0x0:0x85193d284fb9453e!3m1!1s2@1:CAIQACodChtycF9oOkNVM0N6bjhxSC0tdnYyUzR0MkRWbXc%7C%7C?hl=en,2026-01-28T05:30:08Z,"Tumkur Rd, Dr.Ambedkar Nagar, Yeswanthpur, Bengaluru, Karnataka 560022, India (13.023750, 77.551712)",Google Maps (user review),Reviewer stated that crowd management and bridge conditions are ripe for a stampede.,Yesvantpur Jn,Yeshwanthpur Railway Station,Street-Crime and High-Risk,OTHER,13.0237502,77.551712,"Tumkur Rd, Dr.Ambedkar Nagar, Yeswanthpur, Bengaluru, Karnataka 560022, India",Bengaluru,A terribly managed railway station where the authorities have either given up or are sitting at home.  There is one bridge for passengers from platform 6 to other platforms.  Situation is ripe for a  stampede. No escalators at platform 6 or at 1 for senior citizens. Condition of platform 4 is terrible you simply cannot drag your suit case. Shame on the Railway management in Bangalore and the DRM. Please leave your air conditioned office and tour the station.,1,-0.9,3,0.9,PERCEPTION,REVIEW,INC-5ce2a5152129c42a,ChIJ_XNnaWU9rjsRPkW5Tyg9GYU,https://www.google.com/maps/search/?api=1&query=Yesvantpur%20Jn&query_place_id=ChIJ_XNnaWU9rjsRPkW5Tyg9GYU,Ci9DQUlRQUNvZENodHljRjlvT2tOVk0wTjZiamh4U0MwdGRuWXlVelIwTWtSV2JYYxAB,ANAKIN_AI,a421412897b4d7a03feaf7c0d01931bb9637f1f9d1c6ef5a1e9031dabad6f1c5,2026-09-26T09:57:19.410Z,13,0,1,2,2,2,0,2,4,Infrastructure hazard,2,70,65,incident
Poor lighting and lack of security personnel,Unsafe area,https://www.google.com/maps/reviews/data=!4m8!14m7!1m6!2m5!1sCi9DQUlRQUNvZENodHljRjlvT210c05UWkxaamxKVG1zemQxaFNlRWhVVG1OVE9YYxAB!2m1!1s0x0:0x85193d284fb9453e!3m1!1s2@1:CAIQACodChtycF9oOmtsNTZLZjlJTmszd1hSeEhUTmNTOXc%7C%7C?hl=en,2026-06-01T20:41:25Z,"Tumkur Rd, Dr.Ambedkar Nagar, Yeswanthpur, Bengaluru, Karnataka 560022, India (13.023750, 77.551712)",Google Maps (user review),"Reviewer reported absence of security personnel, poor lighting, lack of CCTV cameras, and an unsafe environment particularly for women.",Yesvantpur Jn,Yeshwanthpur Railway Station,Street-Crime and High-Risk,POOR_SECURITY,13.0237502,77.551712,"Tumkur Rd, Dr.Ambedkar Nagar, Yeswanthpur, Bengaluru, Karnataka 560022, India",Bengaluru,"Very bad experience. Everything is under construction. I did not see any RPF personnel or TTEs on the platforms. Several areas are poorly lit, and no CCTV cameras are installed. The place feels very unsafe, especially for women.
Additionally, both the IRCTC website and Wikipedia mention that this station has a retiring room, but I was unable to find it anywhere.",1,-0.85,3,0.95,USER_REPORTED,REVIEW,INC-12d6fa53f627a8c1,ChIJ_XNnaWU9rjsRPkW5Tyg9GYU,https://www.google.com/maps/search/?api=1&query=Yesvantpur%20Jn&query_place_id=ChIJ_XNnaWU9rjsRPkW5Tyg9GYU,Ci9DQUlRQUNvZENodHljRjlvT210c05UWkxaamxKVG1zemQxaFNlRWhVVG1OVE9YYxAB,ANAKIN_AI,5633f4bdf503d71d0b29551583391579a43520c7764e6c220c1ff8a3aebf8318,2026-09-26T09:57:19.410Z,13,0,1,2,2,2,0,2,4,Infrastructure hazard,2,70,65,incident
Lack of security and rude staff,Unsafe area,https://www.google.com/maps/reviews/data=!4m8!14m7!1m6!2m5!1sCi9DQUlRQUNvZENodHljRjlvT2xBMGRVZ3RkVFIxVVdGNVRrdDJhbUZhYkUxM01tYxAB!2m1!1s0x0:0x85193d284fb9453e!3m1!1s2@1:CAIQACodChtycF9oOlA0dUgtdTR1UWF5Tkt2amFabE13Mmc%7C%7C?hl=en,2025-11-22T18:01:26Z,"Tumkur Rd, Dr.Ambedkar Nagar, Yeswanthpur, Bengaluru, Karnataka 560022, India (13.023750, 77.551712)",Google Maps (user review),Reviewer claims there is no security and describes railway protection force (RPF) personnel as rude.,Yesvantpur Jn,Yeshwanthpur Railway Station,Street-Crime and High-Risk,POOR_SECURITY,13.0237502,77.551712,"Tumkur Rd, Dr.Ambedkar Nagar, Yeswanthpur, Bengaluru, Karnataka 560022, India",Bengaluru,"Warning Read this 💯❌❌❌

This station don't have anything rather than rail lines
No waiting hall❌
No clock room ❌
No bathroom ❌
No security ❌
❌
Only rude RPF

This this situation in Bangalore yeshwantpur railway station..

Please be prepared before planning trip to Bangalore",1,-0.8,2,0.9,USER_REPORTED,REVIEW,INC-940d235f46e525b9,ChIJ_XNnaWU9rjsRPkW5Tyg9GYU,https://www.google.com/maps/search/?api=1&query=Yesvantpur%20Jn&query_place_id=ChIJ_XNnaWU9rjsRPkW5Tyg9GYU,Ci9DQUlRQUNvZENodHljRjlvT2xBMGRVZ3RkVFIxVVdGNVRrdDJhbUZhYkUxM01tYxAB,ANAKIN_AI,7453cac64a0b874cb36cce40dc23067d2887fcd91038848926b8a46c1c2f8751,2026-09-26T09:57:19.410Z,13,0,1,2,2,2,0,2,4,Infrastructure hazard,2,70,65,incident
No incidents found in Kempegowda International Airport,None,,,"Kempegowda International Airport, Bengaluru",Google Maps (user review),0 reviews scanned (0 negative) across 0 place(s); none describe an incident.,,Kempegowda International Airport,Scam and Tourist Trap,,,,,Bengaluru,,,,,,,,,,,,,,,0,0,0,0,0,0,0,0,0,,0,0,0,zone_no_incidents
No incidents found in Brigade Road,None,,,"Brigade Road, Bengaluru (12.971043, 77.606903)",Google Maps (user review),0 reviews scanned (0 negative) across 1 place(s); none describe an incident.,,Brigade Road,Scam and Tourist Trap,,12.9710429,77.6069032,,Bengaluru,,,,,,,,,,,,,,,0,0,0,0,0,0,0,0,0,,1,0,0,zone_no_incidents
No incidents found in KR Market,None,,,"KR Market, Bengaluru (12.965639, 77.576987)",Google Maps (user review),0 reviews scanned (0 negative) across 1 place(s); none describe an incident.,,KR Market,Scam and Tourist Trap,,12.9656389,77.5769867,,Bengaluru,,,,,,,,,,,,,,,0,0,0,0,0,0,0,0,0,,1,0,0,zone_no_incidents
No incidents found in Silk Board Junction,None,,,"Silk Board Junction, Bengaluru (12.916571, 77.623383)",Google Maps (user review),0 reviews scanned (0 negative) across 1 place(s); none describe an incident.,,Silk Board Junction,Street-Crime and High-Risk,,12.9165714,77.6233827,,Bengaluru,,,,,,,,,,,,,,,0,0,0,0,0,0,0,0,0,,1,0,0,zone_no_incidents
No incidents found in Marathahalli Bridge,None,,,"Marathahalli Bridge, Bengaluru (12.956579, 77.705887)",Google Maps (user review),0 reviews scanned (0 negative) across 1 place(s); none describe an incident.,,Marathahalli Bridge,Street-Crime and High-Risk,,12.9565787,77.7058866,,Bengaluru,,,,,,,,,,,,,,,0,0,0,0,0,0,0,0,0,,1,0,0,zone_no_incidents
No incidents found in Electronic City,None,,,"Electronic City, Bengaluru",Google Maps (user review),0 reviews scanned (0 negative) across 0 place(s); none describe an incident.,,Electronic City,Street-Crime and High-Risk,,,,,Bengaluru,,,,,,,,,,,,,,,0,0,0,0,0,0,0,0,0,,0,0,0,zone_no_incidents
No incidents found in Hebbal Flyover,None,,,"Hebbal Flyover, Bengaluru (13.042818, 77.590403)",Google Maps (user review),0 reviews scanned (0 negative) across 1 place(s); none describe an incident.,,Hebbal Flyover,Street-Crime and High-Risk,,13.0428177,77.5904027,,Bengaluru,,,,,,,,,,,,,,,0,0,0,0,0,0,0,0,0,,1,0,0,zone_no_incidents
No incidents found in Church Street,None,,,"Church Street, Bengaluru (13.038892, 77.605639)",Google Maps (user review),61 reviews scanned (1 negative) across 2 place(s); none describe an incident.,,Church Street,Street-Crime and High-Risk,,13.0388923,77.6056392,,Bengaluru,,,,,,,,,,,,,,,0,0,0,0,0,0,0,0,0,,2,61,1,zone_no_incidents
No incidents found in Koramangala,None,,,"Koramangala, Bengaluru (12.935240, 77.624532)",Google Maps (user review),0 reviews scanned (0 negative) across 1 place(s); none describe an incident.,,Koramangala,Street-Crime and High-Risk,,12.9352403,77.624532,,Bengaluru,,,,,,,,,,,,,,,0,0,0,0,0,0,0,0,0,,1,0,0,zone_no_incidents
No incidents found in Indiranagar 100 Feet Road,None,,,"Indiranagar 100 Feet Road, Bengaluru",Google Maps (user review),0 reviews scanned (0 negative) across 0 place(s); none describe an incident.,,Indiranagar 100 Feet Road,Street-Crime and High-Risk,,,,,Bengaluru,,,,,,,,,,,,,,,0,0,0,0,0,0,0,0,0,,0,0,0,zone_no_incidents
